StoreName :Amigos, StoreID :508,LocationName :, State :TX, Zipcode :79072,Service Name :Walk-in Clinic,Service Value :False
StoreName :Amigos, StoreID :508,LocationName :, State :TX, Zipcode :79072,Service Name :Bakery,Service Value :True
StoreName :Amigos, StoreID :508,LocationName :, State :TX, Zipcode :79072,Service Name :Deli,Service Value :True
StoreName :Amigos, StoreID :508,LocationName :, State :TX, Zipcode :79072,Service Name :Dish Gift Center,Service Value :False
StoreName :Amigos, StoreID :508,LocationName :, State :TX, Zipcode :79072,Service Name :Team Spirit Shop,Service Value :False
StoreName :Amigos, StoreID :508,LocationName :, State :TX, Zipcode :79072,Service Name :Floral,Service Value :False
StoreName :Amigos, StoreID :508,LocationName :, State :TX, Zipcode :79072,Service Name :Salad Bar,Service Value :False
StoreName :Amigos, StoreID :508,LocationName :, State :TX, Zipcode :79072,Service Name :Hot Deli,Service Value :True
StoreName :Amigos, StoreID :508,LocationName :, State :TX, Zipcode :79072,Service Name :Boars Head,Service Value :False
StoreName :Amigos, StoreID :508,LocationName :, State :TX, Zipcode :79072,Service Name :Meat Market,Service Value :True
StoreName :Amigos, StoreID :508,LocationName :, State :TX, Zipcode :79072,Service Name :Angus Beef,Service Value :False
StoreName :Amigos, StoreID :508,LocationName :, State :TX, Zipcode :79072,Service Name :Full Service Seafood,Service Value :False
StoreName :Amigos, StoreID :508,LocationName :, State :TX, Zipcode :79072,Service Name :Sushi,Service Value :False
StoreName :Amigos, StoreID :508,LocationName :, State :TX, Zipcode :79072,Service Name :Meals For Two,Service Value :False
StoreName :Amigos, StoreID :508,LocationName :, State :TX, Zipcode :79072,Service Name :Coffee Shop,Service Value :False
StoreName :Amigos, StoreID :508,LocationName :, State :TX, Zipcode :79072,Service Name :Keva Juice,Service Value :False
StoreName :Amigos, StoreID :508,LocationName :, State :TX, Zipcode :79072,Service Name :Alcohol,Service Value :True
StoreName :Amigos, StoreID :508,LocationName :, State :TX, Zipcode :79072,Service Name :Restaurant,Service Value :True
StoreName :Amigos, StoreID :508,LocationName :, State :TX, Zipcode :79072,Service Name :Bulk Foods,Service Value :False
StoreName :Amigos, StoreID :508,LocationName :, State :TX, Zipcode :79072,Service Name :Living Well Dept,Service Value :False
StoreName :Amigos, StoreID :508,LocationName :, State :TX, Zipcode :79072,Service Name :Concierge,Service Value :False
StoreName :Amigos, StoreID :508,LocationName :, State :TX, Zipcode :79072,Service Name :Western Union,Service Value :True
StoreName :Amigos, StoreID :508,LocationName :, State :TX, Zipcode :79072,Service Name :Bill Pay,Service Value :True
StoreName :Amigos, StoreID :508,LocationName :, State :TX, Zipcode :79072,Service Name :DMV Registration,Service Value :False
StoreName :Amigos, StoreID :508,LocationName :, State :TX, Zipcode :79072,Service Name :Ticket Sales,Service Value :True
StoreName :Amigos, StoreID :508,LocationName :, State :TX, Zipcode :79072,Service Name :Rug Doctor,Service Value :True
StoreName :Amigos, StoreID :508,LocationName :, State :TX, Zipcode :79072,Service Name :Red Box,Service Value :True
StoreName :Amigos, StoreID :508,LocationName :, State :TX, Zipcode :79072,Service Name :Lottery,Service Value :True
StoreName :Amigos, StoreID :508,LocationName :, State :TX, Zipcode :79072,Service Name :Check Cashing,Service Value :True
StoreName :Amigos, StoreID :508,LocationName :, State :TX, Zipcode :79072,Service Name :Clear Talk,Service Value :True
StoreName :Amigos, StoreID :508,LocationName :, State :TX, Zipcode :79072,Service Name :Wells Fargo Bank,Service Value :False
StoreName :Amigos, StoreID :508,LocationName :, State :TX, Zipcode :79072,Service Name :City Bank,Service Value :False
StoreName :Amigos, StoreID :508,LocationName :, State :TX, Zipcode :79072,Service Name :Amarillo National Bank,Service Value :False
StoreName :Amigos, StoreID :508,LocationName :, State :TX, Zipcode :79072,Service Name :Herring National Bank,Service Value :False
StoreName :Amigos, StoreID :508,LocationName :, State :TX, Zipcode :79072,Service Name :First Financial Bank,Service Value :False
StoreName :Amigos, StoreID :508,LocationName :, State :TX, Zipcode :79072,Service Name :Pharmacy Fax,Service Value :() -
StoreName :Amigos, StoreID :524,LocationName :, State :TX, Zipcode :79103,Service Name :Walk-in Clinic,Service Value :False
StoreName :Amigos, StoreID :524,LocationName :, State :TX, Zipcode :79103,Service Name :Bakery,Service Value :True
StoreName :Amigos, StoreID :524,LocationName :, State :TX, Zipcode :79103,Service Name :Deli,Service Value :True
StoreName :Amigos, StoreID :524,LocationName :, State :TX, Zipcode :79103,Service Name :Dish Gift Center,Service Value :False
StoreName :Amigos, StoreID :524,LocationName :, State :TX, Zipcode :79103,Service Name :Team Spirit Shop,Service Value :False
StoreName :Amigos, StoreID :524,LocationName :, State :TX, Zipcode :79103,Service Name :Floral,Service Value :False
StoreName :Amigos, StoreID :524,LocationName :, State :TX, Zipcode :79103,Service Name :Salad Bar,Service Value :False
StoreName :Amigos, StoreID :524,LocationName :, State :TX, Zipcode :79103,Service Name :Hot Deli,Service Value :True
StoreName :Amigos, StoreID :524,LocationName :, State :TX, Zipcode :79103,Service Name :Boars Head,Service Value :False
StoreName :Amigos, StoreID :524,LocationName :, State :TX, Zipcode :79103,Service Name :Meat Market,Service Value :True
StoreName :Amigos, StoreID :524,LocationName :, State :TX, Zipcode :79103,Service Name :Angus Beef,Service Value :False
StoreName :Amigos, StoreID :524,LocationName :, State :TX, Zipcode :79103,Service Name :Full Service Seafood,Service Value :False
StoreName :Amigos, StoreID :524,LocationName :, State :TX, Zipcode :79103,Service Name :Sushi,Service Value :False
StoreName :Amigos, StoreID :524,LocationName :, State :TX, Zipcode :79103,Service Name :Meals For Two,Service Value :False
StoreName :Amigos, StoreID :524,LocationName :, State :TX, Zipcode :79103,Service Name :Coffee Shop,Service Value :False
StoreName :Amigos, StoreID :524,LocationName :, State :TX, Zipcode :79103,Service Name :Keva Juice,Service Value :False
StoreName :Amigos, StoreID :524,LocationName :, State :TX, Zipcode :79103,Service Name :Alcohol,Service Value :True
StoreName :Amigos, StoreID :524,LocationName :, State :TX, Zipcode :79103,Service Name :Restaurant,Service Value :True
StoreName :Amigos, StoreID :524,LocationName :, State :TX, Zipcode :79103,Service Name :Bulk Foods,Service Value :False
StoreName :Amigos, StoreID :524,LocationName :, State :TX, Zipcode :79103,Service Name :Living Well Dept,Service Value :False
StoreName :Amigos, StoreID :524,LocationName :, State :TX, Zipcode :79103,Service Name :Concierge,Service Value :False
StoreName :Amigos, StoreID :524,LocationName :, State :TX, Zipcode :79103,Service Name :Western Union,Service Value :True
StoreName :Amigos, StoreID :524,LocationName :, State :TX, Zipcode :79103,Service Name :Bill Pay,Service Value :True
StoreName :Amigos, StoreID :524,LocationName :, State :TX, Zipcode :79103,Service Name :DMV Registration,Service Value :False
StoreName :Amigos, StoreID :524,LocationName :, State :TX, Zipcode :79103,Service Name :Ticket Sales,Service Value :True
StoreName :Amigos, StoreID :524,LocationName :, State :TX, Zipcode :79103,Service Name :Rug Doctor,Service Value :True
StoreName :Amigos, StoreID :524,LocationName :, State :TX, Zipcode :79103,Service Name :Red Box,Service Value :True
StoreName :Amigos, StoreID :524,LocationName :, State :TX, Zipcode :79103,Service Name :Lottery,Service Value :True
StoreName :Amigos, StoreID :524,LocationName :, State :TX, Zipcode :79103,Service Name :Check Cashing,Service Value :True
StoreName :Amigos, StoreID :524,LocationName :, State :TX, Zipcode :79103,Service Name :Clear Talk,Service Value :True
StoreName :Amigos, StoreID :524,LocationName :, State :TX, Zipcode :79103,Service Name :Wells Fargo Bank,Service Value :False
StoreName :Amigos, StoreID :524,LocationName :, State :TX, Zipcode :79103,Service Name :City Bank,Service Value :False
StoreName :Amigos, StoreID :524,LocationName :, State :TX, Zipcode :79103,Service Name :Amarillo National Bank,Service Value :False
StoreName :Amigos, StoreID :524,LocationName :, State :TX, Zipcode :79103,Service Name :Herring National Bank,Service Value :False
StoreName :Amigos, StoreID :524,LocationName :, State :TX, Zipcode :79103,Service Name :First Financial Bank,Service Value :False
StoreName :Amigos, StoreID :524,LocationName :, State :TX, Zipcode :79103,Service Name :Pharmacy Fax,Service Value :() -
StoreName :Amigos, StoreID :503,LocationName :, State :TX, Zipcode :79415,Service Name :Walk-in Clinic,Service Value :False
StoreName :Amigos, StoreID :503,LocationName :, State :TX, Zipcode :79415,Service Name :Bakery,Service Value :True
StoreName :Amigos, StoreID :503,LocationName :, State :TX, Zipcode :79415,Service Name :Deli,Service Value :True
StoreName :Amigos, StoreID :503,LocationName :, State :TX, Zipcode :79415,Service Name :Dish Gift Center,Service Value :False
StoreName :Amigos, StoreID :503,LocationName :, State :TX, Zipcode :79415,Service Name :Team Spirit Shop,Service Value :False
StoreName :Amigos, StoreID :503,LocationName :, State :TX, Zipcode :79415,Service Name :Floral,Service Value :False
StoreName :Amigos, StoreID :503,LocationName :, State :TX, Zipcode :79415,Service Name :Salad Bar,Service Value :False
StoreName :Amigos, StoreID :503,LocationName :, State :TX, Zipcode :79415,Service Name :Hot Deli,Service Value :True
StoreName :Amigos, StoreID :503,LocationName :, State :TX, Zipcode :79415,Service Name :Boars Head,Service Value :False
StoreName :Amigos, StoreID :503,LocationName :, State :TX, Zipcode :79415,Service Name :Meat Market,Service Value :True
StoreName :Amigos, StoreID :503,LocationName :, State :TX, Zipcode :79415,Service Name :Angus Beef,Service Value :False
StoreName :Amigos, StoreID :503,LocationName :, State :TX, Zipcode :79415,Service Name :Full Service Seafood,Service Value :False
StoreName :Amigos, StoreID :503,LocationName :, State :TX, Zipcode :79415,Service Name :Sushi,Service Value :False
StoreName :Amigos, StoreID :503,LocationName :, State :TX, Zipcode :79415,Service Name :Meals For Two,Service Value :False
StoreName :Amigos, StoreID :503,LocationName :, State :TX, Zipcode :79415,Service Name :Coffee Shop,Service Value :False
StoreName :Amigos, StoreID :503,LocationName :, State :TX, Zipcode :79415,Service Name :Keva Juice,Service Value :False
StoreName :Amigos, StoreID :503,LocationName :, State :TX, Zipcode :79415,Service Name :Alcohol,Service Value :True
StoreName :Amigos, StoreID :503,LocationName :, State :TX, Zipcode :79415,Service Name :Restaurant,Service Value :True
StoreName :Amigos, StoreID :503,LocationName :, State :TX, Zipcode :79415,Service Name :Bulk Foods,Service Value :False
StoreName :Amigos, StoreID :503,LocationName :, State :TX, Zipcode :79415,Service Name :Living Well Dept,Service Value :False
StoreName :Amigos, StoreID :503,LocationName :, State :TX, Zipcode :79415,Service Name :Concierge,Service Value :False
StoreName :Amigos, StoreID :503,LocationName :, State :TX, Zipcode :79415,Service Name :Western Union,Service Value :True
StoreName :Amigos, StoreID :503,LocationName :, State :TX, Zipcode :79415,Service Name :Bill Pay,Service Value :True
StoreName :Amigos, StoreID :503,LocationName :, State :TX, Zipcode :79415,Service Name :DMV Registration,Service Value :False
StoreName :Amigos, StoreID :503,LocationName :, State :TX, Zipcode :79415,Service Name :Ticket Sales,Service Value :True
StoreName :Amigos, StoreID :503,LocationName :, State :TX, Zipcode :79415,Service Name :Rug Doctor,Service Value :True
StoreName :Amigos, StoreID :503,LocationName :, State :TX, Zipcode :79415,Service Name :Red Box,Service Value :True
StoreName :Amigos, StoreID :503,LocationName :, State :TX, Zipcode :79415,Service Name :Lottery,Service Value :True
StoreName :Amigos, StoreID :503,LocationName :, State :TX, Zipcode :79415,Service Name :Check Cashing,Service Value :True
StoreName :Amigos, StoreID :503,LocationName :, State :TX, Zipcode :79415,Service Name :Clear Talk,Service Value :True
StoreName :Amigos, StoreID :503,LocationName :, State :TX, Zipcode :79415,Service Name :Wells Fargo Bank,Service Value :False
StoreName :Amigos, StoreID :503,LocationName :, State :TX, Zipcode :79415,Service Name :City Bank,Service Value :False
StoreName :Amigos, StoreID :503,LocationName :, State :TX, Zipcode :79415,Service Name :Amarillo National Bank,Service Value :False
StoreName :Amigos, StoreID :503,LocationName :, State :TX, Zipcode :79415,Service Name :Herring National Bank,Service Value :False
StoreName :Amigos, StoreID :503,LocationName :, State :TX, Zipcode :79415,Service Name :First Financial Bank,Service Value :False
StoreName :Amigos, StoreID :503,LocationName :, State :TX, Zipcode :79415,Service Name :Pharmacy Fax,Service Value :() -
StoreName :Amigos, StoreID :510,LocationName :, State :TX, Zipcode :79045,Service Name :Walk-in Clinic,Service Value :False
StoreName :Amigos, StoreID :510,LocationName :, State :TX, Zipcode :79045,Service Name :Bakery,Service Value :True
StoreName :Amigos, StoreID :510,LocationName :, State :TX, Zipcode :79045,Service Name :Deli,Service Value :True
StoreName :Amigos, StoreID :510,LocationName :, State :TX, Zipcode :79045,Service Name :Dish Gift Center,Service Value :False
StoreName :Amigos, StoreID :510,LocationName :, State :TX, Zipcode :79045,Service Name :Team Spirit Shop,Service Value :False
StoreName :Amigos, StoreID :510,LocationName :, State :TX, Zipcode :79045,Service Name :Floral,Service Value :False
StoreName :Amigos, StoreID :510,LocationName :, State :TX, Zipcode :79045,Service Name :Salad Bar,Service Value :False
StoreName :Amigos, StoreID :510,LocationName :, State :TX, Zipcode :79045,Service Name :Hot Deli,Service Value :True
StoreName :Amigos, StoreID :510,LocationName :, State :TX, Zipcode :79045,Service Name :Boars Head,Service Value :False
StoreName :Amigos, StoreID :510,LocationName :, State :TX, Zipcode :79045,Service Name :Meat Market,Service Value :True
StoreName :Amigos, StoreID :510,LocationName :, State :TX, Zipcode :79045,Service Name :Angus Beef,Service Value :False
StoreName :Amigos, StoreID :510,LocationName :, State :TX, Zipcode :79045,Service Name :Full Service Seafood,Service Value :False
StoreName :Amigos, StoreID :510,LocationName :, State :TX, Zipcode :79045,Service Name :Sushi,Service Value :False
StoreName :Amigos, StoreID :510,LocationName :, State :TX, Zipcode :79045,Service Name :Meals For Two,Service Value :False
StoreName :Amigos, StoreID :510,LocationName :, State :TX, Zipcode :79045,Service Name :Coffee Shop,Service Value :False
StoreName :Amigos, StoreID :510,LocationName :, State :TX, Zipcode :79045,Service Name :Keva Juice,Service Value :False
StoreName :Amigos, StoreID :510,LocationName :, State :TX, Zipcode :79045,Service Name :Alcohol,Service Value :True
StoreName :Amigos, StoreID :510,LocationName :, State :TX, Zipcode :79045,Service Name :Restaurant,Service Value :True
StoreName :Amigos, StoreID :510,LocationName :, State :TX, Zipcode :79045,Service Name :Bulk Foods,Service Value :False
StoreName :Amigos, StoreID :510,LocationName :, State :TX, Zipcode :79045,Service Name :Living Well Dept,Service Value :False
StoreName :Amigos, StoreID :510,LocationName :, State :TX, Zipcode :79045,Service Name :Concierge,Service Value :False
StoreName :Amigos, StoreID :510,LocationName :, State :TX, Zipcode :79045,Service Name :Western Union,Service Value :True
StoreName :Amigos, StoreID :510,LocationName :, State :TX, Zipcode :79045,Service Name :Bill Pay,Service Value :True
StoreName :Amigos, StoreID :510,LocationName :, State :TX, Zipcode :79045,Service Name :DMV Registration,Service Value :False
StoreName :Amigos, StoreID :510,LocationName :, State :TX, Zipcode :79045,Service Name :Ticket Sales,Service Value :True
StoreName :Amigos, StoreID :510,LocationName :, State :TX, Zipcode :79045,Service Name :Rug Doctor,Service Value :True
StoreName :Amigos, StoreID :510,LocationName :, State :TX, Zipcode :79045,Service Name :Red Box,Service Value :True
StoreName :Amigos, StoreID :510,LocationName :, State :TX, Zipcode :79045,Service Name :Lottery,Service Value :True
StoreName :Amigos, StoreID :510,LocationName :, State :TX, Zipcode :79045,Service Name :Check Cashing,Service Value :True
StoreName :Amigos, StoreID :510,LocationName :, State :TX, Zipcode :79045,Service Name :Clear Talk,Service Value :True
StoreName :Amigos, StoreID :510,LocationName :, State :TX, Zipcode :79045,Service Name :Wells Fargo Bank,Service Value :False
StoreName :Amigos, StoreID :510,LocationName :, State :TX, Zipcode :79045,Service Name :City Bank,Service Value :False
StoreName :Amigos, StoreID :510,LocationName :, State :TX, Zipcode :79045,Service Name :Amarillo National Bank,Service Value :False
StoreName :Amigos, StoreID :510,LocationName :, State :TX, Zipcode :79045,Service Name :Herring National Bank,Service Value :False
StoreName :Amigos, StoreID :510,LocationName :, State :TX, Zipcode :79045,Service Name :First Financial Bank,Service Value :False
StoreName :Amigos, StoreID :510,LocationName :, State :TX, Zipcode :79045,Service Name :Pharmacy Fax,Service Value :() -
