StoreName :Market Street, StoreID :560,LocationName :DFW, State :TX, Zipcode :76034,Service Name :Walk-in Clinic,Service Value :False
StoreName :Market Street, StoreID :560,LocationName :DFW, State :TX, Zipcode :76034,Service Name :Bakery,Service Value :True
StoreName :Market Street, StoreID :560,LocationName :DFW, State :TX, Zipcode :76034,Service Name :Deli,Service Value :True
StoreName :Market Street, StoreID :560,LocationName :DFW, State :TX, Zipcode :76034,Service Name :Dish Gift Center,Service Value :True
StoreName :Market Street, StoreID :560,LocationName :DFW, State :TX, Zipcode :76034,Service Name :Team Spirit Shop,Service Value :False
StoreName :Market Street, StoreID :560,LocationName :DFW, State :TX, Zipcode :76034,Service Name :Floral,Service Value :True
StoreName :Market Street, StoreID :560,LocationName :DFW, State :TX, Zipcode :76034,Service Name :Salad Bar,Service Value :True
StoreName :Market Street, StoreID :560,LocationName :DFW, State :TX, Zipcode :76034,Service Name :Hot Deli,Service Value :True
StoreName :Market Street, StoreID :560,LocationName :DFW, State :TX, Zipcode :76034,Service Name :Boars Head,Service Value :True
StoreName :Market Street, StoreID :560,LocationName :DFW, State :TX, Zipcode :76034,Service Name :Meat Market,Service Value :True
StoreName :Market Street, StoreID :560,LocationName :DFW, State :TX, Zipcode :76034,Service Name :Angus Beef,Service Value :True
StoreName :Market Street, StoreID :560,LocationName :DFW, State :TX, Zipcode :76034,Service Name :Full Service Seafood,Service Value :True
StoreName :Market Street, StoreID :560,LocationName :DFW, State :TX, Zipcode :76034,Service Name :Sushi,Service Value :True
StoreName :Market Street, StoreID :560,LocationName :DFW, State :TX, Zipcode :76034,Service Name :Meals For Two,Service Value :False
StoreName :Market Street, StoreID :560,LocationName :DFW, State :TX, Zipcode :76034,Service Name :Coffee Shop,Service Value :True
StoreName :Market Street, StoreID :560,LocationName :DFW, State :TX, Zipcode :76034,Service Name :Keva Juice,Service Value :False
StoreName :Market Street, StoreID :560,LocationName :DFW, State :TX, Zipcode :76034,Service Name :Alcohol,Service Value :True
StoreName :Market Street, StoreID :560,LocationName :DFW, State :TX, Zipcode :76034,Service Name :Restaurant,Service Value :True
StoreName :Market Street, StoreID :560,LocationName :DFW, State :TX, Zipcode :76034,Service Name :Bulk Foods,Service Value :True
StoreName :Market Street, StoreID :560,LocationName :DFW, State :TX, Zipcode :76034,Service Name :Living Well Dept,Service Value :True
StoreName :Market Street, StoreID :560,LocationName :DFW, State :TX, Zipcode :76034,Service Name :Concierge,Service Value :True
StoreName :Market Street, StoreID :560,LocationName :DFW, State :TX, Zipcode :76034,Service Name :Western Union,Service Value :True
StoreName :Market Street, StoreID :560,LocationName :DFW, State :TX, Zipcode :76034,Service Name :Bill Pay,Service Value :False
StoreName :Market Street, StoreID :560,LocationName :DFW, State :TX, Zipcode :76034,Service Name :DMV Registration,Service Value :False
StoreName :Market Street, StoreID :560,LocationName :DFW, State :TX, Zipcode :76034,Service Name :Ticket Sales,Service Value :False
StoreName :Market Street, StoreID :560,LocationName :DFW, State :TX, Zipcode :76034,Service Name :Rug Doctor,Service Value :True
StoreName :Market Street, StoreID :560,LocationName :DFW, State :TX, Zipcode :76034,Service Name :Red Box,Service Value :True
StoreName :Market Street, StoreID :560,LocationName :DFW, State :TX, Zipcode :76034,Service Name :Lottery,Service Value :True
StoreName :Market Street, StoreID :560,LocationName :DFW, State :TX, Zipcode :76034,Service Name :Check Cashing,Service Value :False
StoreName :Market Street, StoreID :560,LocationName :DFW, State :TX, Zipcode :76034,Service Name :Clear Talk,Service Value :False
StoreName :Market Street, StoreID :560,LocationName :DFW, State :TX, Zipcode :76034,Service Name :Wells Fargo Bank,Service Value :False
StoreName :Market Street, StoreID :560,LocationName :DFW, State :TX, Zipcode :76034,Service Name :City Bank,Service Value :False
StoreName :Market Street, StoreID :560,LocationName :DFW, State :TX, Zipcode :76034,Service Name :Amarillo National Bank,Service Value :False
StoreName :Market Street, StoreID :560,LocationName :DFW, State :TX, Zipcode :76034,Service Name :Herring National Bank,Service Value :False
StoreName :Market Street, StoreID :560,LocationName :DFW, State :TX, Zipcode :76034,Service Name :First Financial Bank,Service Value :False
StoreName :Market Street, StoreID :560,LocationName :DFW, State :TX, Zipcode :76034,Service Name :Pharmacy Fax,Service Value :() -
StoreName :Market Street, StoreID :561,LocationName :DFW, State :TX, Zipcode :75070,Service Name :Walk-in Clinic,Service Value :False
StoreName :Market Street, StoreID :561,LocationName :DFW, State :TX, Zipcode :75070,Service Name :Bakery,Service Value :True
StoreName :Market Street, StoreID :561,LocationName :DFW, State :TX, Zipcode :75070,Service Name :Deli,Service Value :True
StoreName :Market Street, StoreID :561,LocationName :DFW, State :TX, Zipcode :75070,Service Name :Dish Gift Center,Service Value :True
StoreName :Market Street, StoreID :561,LocationName :DFW, State :TX, Zipcode :75070,Service Name :Team Spirit Shop,Service Value :False
StoreName :Market Street, StoreID :561,LocationName :DFW, State :TX, Zipcode :75070,Service Name :Floral,Service Value :True
StoreName :Market Street, StoreID :561,LocationName :DFW, State :TX, Zipcode :75070,Service Name :Salad Bar,Service Value :True
StoreName :Market Street, StoreID :561,LocationName :DFW, State :TX, Zipcode :75070,Service Name :Hot Deli,Service Value :True
StoreName :Market Street, StoreID :561,LocationName :DFW, State :TX, Zipcode :75070,Service Name :Boars Head,Service Value :True
StoreName :Market Street, StoreID :561,LocationName :DFW, State :TX, Zipcode :75070,Service Name :Meat Market,Service Value :True
StoreName :Market Street, StoreID :561,LocationName :DFW, State :TX, Zipcode :75070,Service Name :Angus Beef,Service Value :True
StoreName :Market Street, StoreID :561,LocationName :DFW, State :TX, Zipcode :75070,Service Name :Full Service Seafood,Service Value :True
StoreName :Market Street, StoreID :561,LocationName :DFW, State :TX, Zipcode :75070,Service Name :Sushi,Service Value :True
StoreName :Market Street, StoreID :561,LocationName :DFW, State :TX, Zipcode :75070,Service Name :Meals For Two,Service Value :False
StoreName :Market Street, StoreID :561,LocationName :DFW, State :TX, Zipcode :75070,Service Name :Coffee Shop,Service Value :True
StoreName :Market Street, StoreID :561,LocationName :DFW, State :TX, Zipcode :75070,Service Name :Keva Juice,Service Value :False
StoreName :Market Street, StoreID :561,LocationName :DFW, State :TX, Zipcode :75070,Service Name :Alcohol,Service Value :True
StoreName :Market Street, StoreID :561,LocationName :DFW, State :TX, Zipcode :75070,Service Name :Restaurant,Service Value :True
StoreName :Market Street, StoreID :561,LocationName :DFW, State :TX, Zipcode :75070,Service Name :Bulk Foods,Service Value :True
StoreName :Market Street, StoreID :561,LocationName :DFW, State :TX, Zipcode :75070,Service Name :Living Well Dept,Service Value :True
StoreName :Market Street, StoreID :561,LocationName :DFW, State :TX, Zipcode :75070,Service Name :Concierge,Service Value :True
StoreName :Market Street, StoreID :561,LocationName :DFW, State :TX, Zipcode :75070,Service Name :Western Union,Service Value :True
StoreName :Market Street, StoreID :561,LocationName :DFW, State :TX, Zipcode :75070,Service Name :Bill Pay,Service Value :False
StoreName :Market Street, StoreID :561,LocationName :DFW, State :TX, Zipcode :75070,Service Name :DMV Registration,Service Value :False
StoreName :Market Street, StoreID :561,LocationName :DFW, State :TX, Zipcode :75070,Service Name :Ticket Sales,Service Value :False
StoreName :Market Street, StoreID :561,LocationName :DFW, State :TX, Zipcode :75070,Service Name :Rug Doctor,Service Value :True
StoreName :Market Street, StoreID :561,LocationName :DFW, State :TX, Zipcode :75070,Service Name :Red Box,Service Value :True
StoreName :Market Street, StoreID :561,LocationName :DFW, State :TX, Zipcode :75070,Service Name :Lottery,Service Value :True
StoreName :Market Street, StoreID :561,LocationName :DFW, State :TX, Zipcode :75070,Service Name :Check Cashing,Service Value :False
StoreName :Market Street, StoreID :561,LocationName :DFW, State :TX, Zipcode :75070,Service Name :Clear Talk,Service Value :False
StoreName :Market Street, StoreID :561,LocationName :DFW, State :TX, Zipcode :75070,Service Name :Wells Fargo Bank,Service Value :False
StoreName :Market Street, StoreID :561,LocationName :DFW, State :TX, Zipcode :75070,Service Name :City Bank,Service Value :False
StoreName :Market Street, StoreID :561,LocationName :DFW, State :TX, Zipcode :75070,Service Name :Amarillo National Bank,Service Value :False
StoreName :Market Street, StoreID :561,LocationName :DFW, State :TX, Zipcode :75070,Service Name :Herring National Bank,Service Value :False
StoreName :Market Street, StoreID :561,LocationName :DFW, State :TX, Zipcode :75070,Service Name :First Financial Bank,Service Value :False
StoreName :Market Street, StoreID :561,LocationName :DFW, State :TX, Zipcode :75070,Service Name :Pharmacy Fax,Service Value :() -
StoreName :Market Street, StoreID :562,LocationName :DFW, State :TX, Zipcode :75033,Service Name :Walk-in Clinic,Service Value :False
StoreName :Market Street, StoreID :562,LocationName :DFW, State :TX, Zipcode :75033,Service Name :Bakery,Service Value :True
StoreName :Market Street, StoreID :562,LocationName :DFW, State :TX, Zipcode :75033,Service Name :Deli,Service Value :True
StoreName :Market Street, StoreID :562,LocationName :DFW, State :TX, Zipcode :75033,Service Name :Dish Gift Center,Service Value :True
StoreName :Market Street, StoreID :562,LocationName :DFW, State :TX, Zipcode :75033,Service Name :Team Spirit Shop,Service Value :False
StoreName :Market Street, StoreID :562,LocationName :DFW, State :TX, Zipcode :75033,Service Name :Floral,Service Value :True
StoreName :Market Street, StoreID :562,LocationName :DFW, State :TX, Zipcode :75033,Service Name :Salad Bar,Service Value :True
StoreName :Market Street, StoreID :562,LocationName :DFW, State :TX, Zipcode :75033,Service Name :Hot Deli,Service Value :True
StoreName :Market Street, StoreID :562,LocationName :DFW, State :TX, Zipcode :75033,Service Name :Boars Head,Service Value :True
StoreName :Market Street, StoreID :562,LocationName :DFW, State :TX, Zipcode :75033,Service Name :Meat Market,Service Value :True
StoreName :Market Street, StoreID :562,LocationName :DFW, State :TX, Zipcode :75033,Service Name :Angus Beef,Service Value :True
StoreName :Market Street, StoreID :562,LocationName :DFW, State :TX, Zipcode :75033,Service Name :Full Service Seafood,Service Value :True
StoreName :Market Street, StoreID :562,LocationName :DFW, State :TX, Zipcode :75033,Service Name :Sushi,Service Value :True
StoreName :Market Street, StoreID :562,LocationName :DFW, State :TX, Zipcode :75033,Service Name :Meals For Two,Service Value :False
StoreName :Market Street, StoreID :562,LocationName :DFW, State :TX, Zipcode :75033,Service Name :Coffee Shop,Service Value :True
StoreName :Market Street, StoreID :562,LocationName :DFW, State :TX, Zipcode :75033,Service Name :Keva Juice,Service Value :False
StoreName :Market Street, StoreID :562,LocationName :DFW, State :TX, Zipcode :75033,Service Name :Alcohol,Service Value :True
StoreName :Market Street, StoreID :562,LocationName :DFW, State :TX, Zipcode :75033,Service Name :Restaurant,Service Value :True
StoreName :Market Street, StoreID :562,LocationName :DFW, State :TX, Zipcode :75033,Service Name :Bulk Foods,Service Value :True
StoreName :Market Street, StoreID :562,LocationName :DFW, State :TX, Zipcode :75033,Service Name :Living Well Dept,Service Value :True
StoreName :Market Street, StoreID :562,LocationName :DFW, State :TX, Zipcode :75033,Service Name :Concierge,Service Value :True
StoreName :Market Street, StoreID :562,LocationName :DFW, State :TX, Zipcode :75033,Service Name :Western Union,Service Value :True
StoreName :Market Street, StoreID :562,LocationName :DFW, State :TX, Zipcode :75033,Service Name :Bill Pay,Service Value :False
StoreName :Market Street, StoreID :562,LocationName :DFW, State :TX, Zipcode :75033,Service Name :DMV Registration,Service Value :False
StoreName :Market Street, StoreID :562,LocationName :DFW, State :TX, Zipcode :75033,Service Name :Ticket Sales,Service Value :False
StoreName :Market Street, StoreID :562,LocationName :DFW, State :TX, Zipcode :75033,Service Name :Rug Doctor,Service Value :True
StoreName :Market Street, StoreID :562,LocationName :DFW, State :TX, Zipcode :75033,Service Name :Red Box,Service Value :True
StoreName :Market Street, StoreID :562,LocationName :DFW, State :TX, Zipcode :75033,Service Name :Lottery,Service Value :True
StoreName :Market Street, StoreID :562,LocationName :DFW, State :TX, Zipcode :75033,Service Name :Check Cashing,Service Value :False
StoreName :Market Street, StoreID :562,LocationName :DFW, State :TX, Zipcode :75033,Service Name :Clear Talk,Service Value :False
StoreName :Market Street, StoreID :562,LocationName :DFW, State :TX, Zipcode :75033,Service Name :Wells Fargo Bank,Service Value :False
StoreName :Market Street, StoreID :562,LocationName :DFW, State :TX, Zipcode :75033,Service Name :City Bank,Service Value :False
StoreName :Market Street, StoreID :562,LocationName :DFW, State :TX, Zipcode :75033,Service Name :Amarillo National Bank,Service Value :False
StoreName :Market Street, StoreID :562,LocationName :DFW, State :TX, Zipcode :75033,Service Name :Herring National Bank,Service Value :False
StoreName :Market Street, StoreID :562,LocationName :DFW, State :TX, Zipcode :75033,Service Name :First Financial Bank,Service Value :False
StoreName :Market Street, StoreID :562,LocationName :DFW, State :TX, Zipcode :75033,Service Name :Pharmacy Fax,Service Value :() -
StoreName :Market Street, StoreID :563,LocationName :DFW, State :TX, Zipcode :75013,Service Name :Walk-in Clinic,Service Value :False
StoreName :Market Street, StoreID :563,LocationName :DFW, State :TX, Zipcode :75013,Service Name :Bakery,Service Value :True
StoreName :Market Street, StoreID :563,LocationName :DFW, State :TX, Zipcode :75013,Service Name :Deli,Service Value :True
StoreName :Market Street, StoreID :563,LocationName :DFW, State :TX, Zipcode :75013,Service Name :Dish Gift Center,Service Value :True
StoreName :Market Street, StoreID :563,LocationName :DFW, State :TX, Zipcode :75013,Service Name :Team Spirit Shop,Service Value :False
StoreName :Market Street, StoreID :563,LocationName :DFW, State :TX, Zipcode :75013,Service Name :Floral,Service Value :True
StoreName :Market Street, StoreID :563,LocationName :DFW, State :TX, Zipcode :75013,Service Name :Salad Bar,Service Value :True
StoreName :Market Street, StoreID :563,LocationName :DFW, State :TX, Zipcode :75013,Service Name :Hot Deli,Service Value :True
StoreName :Market Street, StoreID :563,LocationName :DFW, State :TX, Zipcode :75013,Service Name :Boars Head,Service Value :True
StoreName :Market Street, StoreID :563,LocationName :DFW, State :TX, Zipcode :75013,Service Name :Meat Market,Service Value :True
StoreName :Market Street, StoreID :563,LocationName :DFW, State :TX, Zipcode :75013,Service Name :Angus Beef,Service Value :True
StoreName :Market Street, StoreID :563,LocationName :DFW, State :TX, Zipcode :75013,Service Name :Full Service Seafood,Service Value :True
StoreName :Market Street, StoreID :563,LocationName :DFW, State :TX, Zipcode :75013,Service Name :Sushi,Service Value :True
StoreName :Market Street, StoreID :563,LocationName :DFW, State :TX, Zipcode :75013,Service Name :Meals For Two,Service Value :False
StoreName :Market Street, StoreID :563,LocationName :DFW, State :TX, Zipcode :75013,Service Name :Coffee Shop,Service Value :True
StoreName :Market Street, StoreID :563,LocationName :DFW, State :TX, Zipcode :75013,Service Name :Keva Juice,Service Value :False
StoreName :Market Street, StoreID :563,LocationName :DFW, State :TX, Zipcode :75013,Service Name :Alcohol,Service Value :True
StoreName :Market Street, StoreID :563,LocationName :DFW, State :TX, Zipcode :75013,Service Name :Restaurant,Service Value :True
StoreName :Market Street, StoreID :563,LocationName :DFW, State :TX, Zipcode :75013,Service Name :Bulk Foods,Service Value :True
StoreName :Market Street, StoreID :563,LocationName :DFW, State :TX, Zipcode :75013,Service Name :Living Well Dept,Service Value :True
StoreName :Market Street, StoreID :563,LocationName :DFW, State :TX, Zipcode :75013,Service Name :Concierge,Service Value :True
StoreName :Market Street, StoreID :563,LocationName :DFW, State :TX, Zipcode :75013,Service Name :Western Union,Service Value :True
StoreName :Market Street, StoreID :563,LocationName :DFW, State :TX, Zipcode :75013,Service Name :Bill Pay,Service Value :False
StoreName :Market Street, StoreID :563,LocationName :DFW, State :TX, Zipcode :75013,Service Name :DMV Registration,Service Value :False
StoreName :Market Street, StoreID :563,LocationName :DFW, State :TX, Zipcode :75013,Service Name :Ticket Sales,Service Value :False
StoreName :Market Street, StoreID :563,LocationName :DFW, State :TX, Zipcode :75013,Service Name :Rug Doctor,Service Value :True
StoreName :Market Street, StoreID :563,LocationName :DFW, State :TX, Zipcode :75013,Service Name :Red Box,Service Value :True
StoreName :Market Street, StoreID :563,LocationName :DFW, State :TX, Zipcode :75013,Service Name :Lottery,Service Value :True
StoreName :Market Street, StoreID :563,LocationName :DFW, State :TX, Zipcode :75013,Service Name :Check Cashing,Service Value :False
StoreName :Market Street, StoreID :563,LocationName :DFW, State :TX, Zipcode :75013,Service Name :Clear Talk,Service Value :False
StoreName :Market Street, StoreID :563,LocationName :DFW, State :TX, Zipcode :75013,Service Name :Wells Fargo Bank,Service Value :False
StoreName :Market Street, StoreID :563,LocationName :DFW, State :TX, Zipcode :75013,Service Name :City Bank,Service Value :False
StoreName :Market Street, StoreID :563,LocationName :DFW, State :TX, Zipcode :75013,Service Name :Amarillo National Bank,Service Value :False
StoreName :Market Street, StoreID :563,LocationName :DFW, State :TX, Zipcode :75013,Service Name :Herring National Bank,Service Value :False
StoreName :Market Street, StoreID :563,LocationName :DFW, State :TX, Zipcode :75013,Service Name :First Financial Bank,Service Value :False
StoreName :Market Street, StoreID :563,LocationName :DFW, State :TX, Zipcode :75013,Service Name :Pharmacy Fax,Service Value :() -
StoreName :Market Street, StoreID :564,LocationName :DFW, State :TX, Zipcode :75019,Service Name :Walk-in Clinic,Service Value :False
StoreName :Market Street, StoreID :564,LocationName :DFW, State :TX, Zipcode :75019,Service Name :Bakery,Service Value :True
StoreName :Market Street, StoreID :564,LocationName :DFW, State :TX, Zipcode :75019,Service Name :Deli,Service Value :True
StoreName :Market Street, StoreID :564,LocationName :DFW, State :TX, Zipcode :75019,Service Name :Dish Gift Center,Service Value :True
StoreName :Market Street, StoreID :564,LocationName :DFW, State :TX, Zipcode :75019,Service Name :Team Spirit Shop,Service Value :False
StoreName :Market Street, StoreID :564,LocationName :DFW, State :TX, Zipcode :75019,Service Name :Floral,Service Value :True
StoreName :Market Street, StoreID :564,LocationName :DFW, State :TX, Zipcode :75019,Service Name :Salad Bar,Service Value :True
StoreName :Market Street, StoreID :564,LocationName :DFW, State :TX, Zipcode :75019,Service Name :Hot Deli,Service Value :True
StoreName :Market Street, StoreID :564,LocationName :DFW, State :TX, Zipcode :75019,Service Name :Boars Head,Service Value :True
StoreName :Market Street, StoreID :564,LocationName :DFW, State :TX, Zipcode :75019,Service Name :Meat Market,Service Value :True
StoreName :Market Street, StoreID :564,LocationName :DFW, State :TX, Zipcode :75019,Service Name :Angus Beef,Service Value :True
StoreName :Market Street, StoreID :564,LocationName :DFW, State :TX, Zipcode :75019,Service Name :Full Service Seafood,Service Value :True
StoreName :Market Street, StoreID :564,LocationName :DFW, State :TX, Zipcode :75019,Service Name :Sushi,Service Value :True
StoreName :Market Street, StoreID :564,LocationName :DFW, State :TX, Zipcode :75019,Service Name :Meals For Two,Service Value :False
StoreName :Market Street, StoreID :564,LocationName :DFW, State :TX, Zipcode :75019,Service Name :Coffee Shop,Service Value :True
StoreName :Market Street, StoreID :564,LocationName :DFW, State :TX, Zipcode :75019,Service Name :Keva Juice,Service Value :False
StoreName :Market Street, StoreID :564,LocationName :DFW, State :TX, Zipcode :75019,Service Name :Alcohol,Service Value :True
StoreName :Market Street, StoreID :564,LocationName :DFW, State :TX, Zipcode :75019,Service Name :Restaurant,Service Value :True
StoreName :Market Street, StoreID :564,LocationName :DFW, State :TX, Zipcode :75019,Service Name :Bulk Foods,Service Value :True
StoreName :Market Street, StoreID :564,LocationName :DFW, State :TX, Zipcode :75019,Service Name :Living Well Dept,Service Value :True
StoreName :Market Street, StoreID :564,LocationName :DFW, State :TX, Zipcode :75019,Service Name :Concierge,Service Value :True
StoreName :Market Street, StoreID :564,LocationName :DFW, State :TX, Zipcode :75019,Service Name :Western Union,Service Value :True
StoreName :Market Street, StoreID :564,LocationName :DFW, State :TX, Zipcode :75019,Service Name :Bill Pay,Service Value :False
StoreName :Market Street, StoreID :564,LocationName :DFW, State :TX, Zipcode :75019,Service Name :DMV Registration,Service Value :False
StoreName :Market Street, StoreID :564,LocationName :DFW, State :TX, Zipcode :75019,Service Name :Ticket Sales,Service Value :False
StoreName :Market Street, StoreID :564,LocationName :DFW, State :TX, Zipcode :75019,Service Name :Rug Doctor,Service Value :True
StoreName :Market Street, StoreID :564,LocationName :DFW, State :TX, Zipcode :75019,Service Name :Red Box,Service Value :True
StoreName :Market Street, StoreID :564,LocationName :DFW, State :TX, Zipcode :75019,Service Name :Lottery,Service Value :True
StoreName :Market Street, StoreID :564,LocationName :DFW, State :TX, Zipcode :75019,Service Name :Check Cashing,Service Value :False
StoreName :Market Street, StoreID :564,LocationName :DFW, State :TX, Zipcode :75019,Service Name :Clear Talk,Service Value :False
StoreName :Market Street, StoreID :564,LocationName :DFW, State :TX, Zipcode :75019,Service Name :Wells Fargo Bank,Service Value :False
StoreName :Market Street, StoreID :564,LocationName :DFW, State :TX, Zipcode :75019,Service Name :City Bank,Service Value :False
StoreName :Market Street, StoreID :564,LocationName :DFW, State :TX, Zipcode :75019,Service Name :Amarillo National Bank,Service Value :False
StoreName :Market Street, StoreID :564,LocationName :DFW, State :TX, Zipcode :75019,Service Name :Herring National Bank,Service Value :False
StoreName :Market Street, StoreID :564,LocationName :DFW, State :TX, Zipcode :75019,Service Name :First Financial Bank,Service Value :False
StoreName :Market Street, StoreID :564,LocationName :DFW, State :TX, Zipcode :75019,Service Name :Pharmacy Fax,Service Value :() -
StoreName :Market Street, StoreID :566,LocationName :DFW, State :TX, Zipcode :75093,Service Name :Walk-in Clinic,Service Value :False
StoreName :Market Street, StoreID :566,LocationName :DFW, State :TX, Zipcode :75093,Service Name :Bakery,Service Value :True
StoreName :Market Street, StoreID :566,LocationName :DFW, State :TX, Zipcode :75093,Service Name :Deli,Service Value :True
StoreName :Market Street, StoreID :566,LocationName :DFW, State :TX, Zipcode :75093,Service Name :Dish Gift Center,Service Value :True
StoreName :Market Street, StoreID :566,LocationName :DFW, State :TX, Zipcode :75093,Service Name :Team Spirit Shop,Service Value :False
StoreName :Market Street, StoreID :566,LocationName :DFW, State :TX, Zipcode :75093,Service Name :Floral,Service Value :True
StoreName :Market Street, StoreID :566,LocationName :DFW, State :TX, Zipcode :75093,Service Name :Salad Bar,Service Value :True
StoreName :Market Street, StoreID :566,LocationName :DFW, State :TX, Zipcode :75093,Service Name :Hot Deli,Service Value :True
StoreName :Market Street, StoreID :566,LocationName :DFW, State :TX, Zipcode :75093,Service Name :Boars Head,Service Value :True
StoreName :Market Street, StoreID :566,LocationName :DFW, State :TX, Zipcode :75093,Service Name :Meat Market,Service Value :True
StoreName :Market Street, StoreID :566,LocationName :DFW, State :TX, Zipcode :75093,Service Name :Angus Beef,Service Value :True
StoreName :Market Street, StoreID :566,LocationName :DFW, State :TX, Zipcode :75093,Service Name :Full Service Seafood,Service Value :True
StoreName :Market Street, StoreID :566,LocationName :DFW, State :TX, Zipcode :75093,Service Name :Sushi,Service Value :True
StoreName :Market Street, StoreID :566,LocationName :DFW, State :TX, Zipcode :75093,Service Name :Meals For Two,Service Value :False
StoreName :Market Street, StoreID :566,LocationName :DFW, State :TX, Zipcode :75093,Service Name :Coffee Shop,Service Value :True
StoreName :Market Street, StoreID :566,LocationName :DFW, State :TX, Zipcode :75093,Service Name :Keva Juice,Service Value :False
StoreName :Market Street, StoreID :566,LocationName :DFW, State :TX, Zipcode :75093,Service Name :Alcohol,Service Value :True
StoreName :Market Street, StoreID :566,LocationName :DFW, State :TX, Zipcode :75093,Service Name :Restaurant,Service Value :True
StoreName :Market Street, StoreID :566,LocationName :DFW, State :TX, Zipcode :75093,Service Name :Bulk Foods,Service Value :True
StoreName :Market Street, StoreID :566,LocationName :DFW, State :TX, Zipcode :75093,Service Name :Living Well Dept,Service Value :True
StoreName :Market Street, StoreID :566,LocationName :DFW, State :TX, Zipcode :75093,Service Name :Concierge,Service Value :True
StoreName :Market Street, StoreID :566,LocationName :DFW, State :TX, Zipcode :75093,Service Name :Western Union,Service Value :True
StoreName :Market Street, StoreID :566,LocationName :DFW, State :TX, Zipcode :75093,Service Name :Bill Pay,Service Value :False
StoreName :Market Street, StoreID :566,LocationName :DFW, State :TX, Zipcode :75093,Service Name :DMV Registration,Service Value :False
StoreName :Market Street, StoreID :566,LocationName :DFW, State :TX, Zipcode :75093,Service Name :Ticket Sales,Service Value :False
StoreName :Market Street, StoreID :566,LocationName :DFW, State :TX, Zipcode :75093,Service Name :Rug Doctor,Service Value :True
StoreName :Market Street, StoreID :566,LocationName :DFW, State :TX, Zipcode :75093,Service Name :Red Box,Service Value :True
StoreName :Market Street, StoreID :566,LocationName :DFW, State :TX, Zipcode :75093,Service Name :Lottery,Service Value :True
StoreName :Market Street, StoreID :566,LocationName :DFW, State :TX, Zipcode :75093,Service Name :Check Cashing,Service Value :False
StoreName :Market Street, StoreID :566,LocationName :DFW, State :TX, Zipcode :75093,Service Name :Clear Talk,Service Value :False
StoreName :Market Street, StoreID :566,LocationName :DFW, State :TX, Zipcode :75093,Service Name :Wells Fargo Bank,Service Value :False
StoreName :Market Street, StoreID :566,LocationName :DFW, State :TX, Zipcode :75093,Service Name :City Bank,Service Value :False
StoreName :Market Street, StoreID :566,LocationName :DFW, State :TX, Zipcode :75093,Service Name :Amarillo National Bank,Service Value :False
StoreName :Market Street, StoreID :566,LocationName :DFW, State :TX, Zipcode :75093,Service Name :Herring National Bank,Service Value :False
StoreName :Market Street, StoreID :566,LocationName :DFW, State :TX, Zipcode :75093,Service Name :First Financial Bank,Service Value :False
StoreName :Market Street, StoreID :566,LocationName :DFW, State :TX, Zipcode :75093,Service Name :Pharmacy Fax,Service Value :() -
StoreName :Market Street, StoreID :543,LocationName :WTX, State :TX, Zipcode :79423,Service Name :Walk-in Clinic,Service Value :False
StoreName :Market Street, StoreID :543,LocationName :WTX, State :TX, Zipcode :79423,Service Name :Bakery,Service Value :True
StoreName :Market Street, StoreID :543,LocationName :WTX, State :TX, Zipcode :79423,Service Name :Deli,Service Value :True
StoreName :Market Street, StoreID :543,LocationName :WTX, State :TX, Zipcode :79423,Service Name :Dish Gift Center,Service Value :True
StoreName :Market Street, StoreID :543,LocationName :WTX, State :TX, Zipcode :79423,Service Name :Team Spirit Shop,Service Value :False
StoreName :Market Street, StoreID :543,LocationName :WTX, State :TX, Zipcode :79423,Service Name :Floral,Service Value :True
StoreName :Market Street, StoreID :543,LocationName :WTX, State :TX, Zipcode :79423,Service Name :Salad Bar,Service Value :True
StoreName :Market Street, StoreID :543,LocationName :WTX, State :TX, Zipcode :79423,Service Name :Hot Deli,Service Value :True
StoreName :Market Street, StoreID :543,LocationName :WTX, State :TX, Zipcode :79423,Service Name :Boars Head,Service Value :True
StoreName :Market Street, StoreID :543,LocationName :WTX, State :TX, Zipcode :79423,Service Name :Meat Market,Service Value :True
StoreName :Market Street, StoreID :543,LocationName :WTX, State :TX, Zipcode :79423,Service Name :Angus Beef,Service Value :True
StoreName :Market Street, StoreID :543,LocationName :WTX, State :TX, Zipcode :79423,Service Name :Full Service Seafood,Service Value :True
StoreName :Market Street, StoreID :543,LocationName :WTX, State :TX, Zipcode :79423,Service Name :Sushi,Service Value :True
StoreName :Market Street, StoreID :543,LocationName :WTX, State :TX, Zipcode :79423,Service Name :Meals For Two,Service Value :False
StoreName :Market Street, StoreID :543,LocationName :WTX, State :TX, Zipcode :79423,Service Name :Coffee Shop,Service Value :True
StoreName :Market Street, StoreID :543,LocationName :WTX, State :TX, Zipcode :79423,Service Name :Keva Juice,Service Value :False
StoreName :Market Street, StoreID :543,LocationName :WTX, State :TX, Zipcode :79423,Service Name :Alcohol,Service Value :True
StoreName :Market Street, StoreID :543,LocationName :WTX, State :TX, Zipcode :79423,Service Name :Restaurant,Service Value :True
StoreName :Market Street, StoreID :543,LocationName :WTX, State :TX, Zipcode :79423,Service Name :Bulk Foods,Service Value :True
StoreName :Market Street, StoreID :543,LocationName :WTX, State :TX, Zipcode :79423,Service Name :Living Well Dept,Service Value :True
StoreName :Market Street, StoreID :543,LocationName :WTX, State :TX, Zipcode :79423,Service Name :Concierge,Service Value :True
StoreName :Market Street, StoreID :543,LocationName :WTX, State :TX, Zipcode :79423,Service Name :Western Union,Service Value :True
StoreName :Market Street, StoreID :543,LocationName :WTX, State :TX, Zipcode :79423,Service Name :Bill Pay,Service Value :False
StoreName :Market Street, StoreID :543,LocationName :WTX, State :TX, Zipcode :79423,Service Name :DMV Registration,Service Value :False
StoreName :Market Street, StoreID :543,LocationName :WTX, State :TX, Zipcode :79423,Service Name :Ticket Sales,Service Value :False
StoreName :Market Street, StoreID :543,LocationName :WTX, State :TX, Zipcode :79423,Service Name :Rug Doctor,Service Value :True
StoreName :Market Street, StoreID :543,LocationName :WTX, State :TX, Zipcode :79423,Service Name :Red Box,Service Value :True
StoreName :Market Street, StoreID :543,LocationName :WTX, State :TX, Zipcode :79423,Service Name :Lottery,Service Value :True
StoreName :Market Street, StoreID :543,LocationName :WTX, State :TX, Zipcode :79423,Service Name :Check Cashing,Service Value :False
StoreName :Market Street, StoreID :543,LocationName :WTX, State :TX, Zipcode :79423,Service Name :Clear Talk,Service Value :False
StoreName :Market Street, StoreID :543,LocationName :WTX, State :TX, Zipcode :79423,Service Name :Wells Fargo Bank,Service Value :False
StoreName :Market Street, StoreID :543,LocationName :WTX, State :TX, Zipcode :79423,Service Name :City Bank,Service Value :False
StoreName :Market Street, StoreID :543,LocationName :WTX, State :TX, Zipcode :79423,Service Name :Amarillo National Bank,Service Value :False
StoreName :Market Street, StoreID :543,LocationName :WTX, State :TX, Zipcode :79423,Service Name :Herring National Bank,Service Value :False
StoreName :Market Street, StoreID :543,LocationName :WTX, State :TX, Zipcode :79423,Service Name :First Financial Bank,Service Value :False
StoreName :Market Street, StoreID :543,LocationName :WTX, State :TX, Zipcode :79423,Service Name :Pharmacy Fax,Service Value :() -
StoreName :Market Street, StoreID :526,LocationName :WTX, State :TX, Zipcode :79109,Service Name :Walk-in Clinic,Service Value :False
StoreName :Market Street, StoreID :526,LocationName :WTX, State :TX, Zipcode :79109,Service Name :Bakery,Service Value :True
StoreName :Market Street, StoreID :526,LocationName :WTX, State :TX, Zipcode :79109,Service Name :Deli,Service Value :True
StoreName :Market Street, StoreID :526,LocationName :WTX, State :TX, Zipcode :79109,Service Name :Dish Gift Center,Service Value :True
StoreName :Market Street, StoreID :526,LocationName :WTX, State :TX, Zipcode :79109,Service Name :Team Spirit Shop,Service Value :False
StoreName :Market Street, StoreID :526,LocationName :WTX, State :TX, Zipcode :79109,Service Name :Floral,Service Value :True
StoreName :Market Street, StoreID :526,LocationName :WTX, State :TX, Zipcode :79109,Service Name :Salad Bar,Service Value :True
StoreName :Market Street, StoreID :526,LocationName :WTX, State :TX, Zipcode :79109,Service Name :Hot Deli,Service Value :True
StoreName :Market Street, StoreID :526,LocationName :WTX, State :TX, Zipcode :79109,Service Name :Boars Head,Service Value :True
StoreName :Market Street, StoreID :526,LocationName :WTX, State :TX, Zipcode :79109,Service Name :Meat Market,Service Value :True
StoreName :Market Street, StoreID :526,LocationName :WTX, State :TX, Zipcode :79109,Service Name :Angus Beef,Service Value :True
StoreName :Market Street, StoreID :526,LocationName :WTX, State :TX, Zipcode :79109,Service Name :Full Service Seafood,Service Value :True
StoreName :Market Street, StoreID :526,LocationName :WTX, State :TX, Zipcode :79109,Service Name :Sushi,Service Value :True
StoreName :Market Street, StoreID :526,LocationName :WTX, State :TX, Zipcode :79109,Service Name :Meals For Two,Service Value :False
StoreName :Market Street, StoreID :526,LocationName :WTX, State :TX, Zipcode :79109,Service Name :Coffee Shop,Service Value :True
StoreName :Market Street, StoreID :526,LocationName :WTX, State :TX, Zipcode :79109,Service Name :Keva Juice,Service Value :False
StoreName :Market Street, StoreID :526,LocationName :WTX, State :TX, Zipcode :79109,Service Name :Alcohol,Service Value :True
StoreName :Market Street, StoreID :526,LocationName :WTX, State :TX, Zipcode :79109,Service Name :Restaurant,Service Value :True
StoreName :Market Street, StoreID :526,LocationName :WTX, State :TX, Zipcode :79109,Service Name :Bulk Foods,Service Value :True
StoreName :Market Street, StoreID :526,LocationName :WTX, State :TX, Zipcode :79109,Service Name :Living Well Dept,Service Value :True
StoreName :Market Street, StoreID :526,LocationName :WTX, State :TX, Zipcode :79109,Service Name :Concierge,Service Value :True
StoreName :Market Street, StoreID :526,LocationName :WTX, State :TX, Zipcode :79109,Service Name :Western Union,Service Value :True
StoreName :Market Street, StoreID :526,LocationName :WTX, State :TX, Zipcode :79109,Service Name :Bill Pay,Service Value :False
StoreName :Market Street, StoreID :526,LocationName :WTX, State :TX, Zipcode :79109,Service Name :DMV Registration,Service Value :False
StoreName :Market Street, StoreID :526,LocationName :WTX, State :TX, Zipcode :79109,Service Name :Ticket Sales,Service Value :False
StoreName :Market Street, StoreID :526,LocationName :WTX, State :TX, Zipcode :79109,Service Name :Rug Doctor,Service Value :True
StoreName :Market Street, StoreID :526,LocationName :WTX, State :TX, Zipcode :79109,Service Name :Red Box,Service Value :True
StoreName :Market Street, StoreID :526,LocationName :WTX, State :TX, Zipcode :79109,Service Name :Lottery,Service Value :True
StoreName :Market Street, StoreID :526,LocationName :WTX, State :TX, Zipcode :79109,Service Name :Check Cashing,Service Value :False
StoreName :Market Street, StoreID :526,LocationName :WTX, State :TX, Zipcode :79109,Service Name :Clear Talk,Service Value :False
StoreName :Market Street, StoreID :526,LocationName :WTX, State :TX, Zipcode :79109,Service Name :Wells Fargo Bank,Service Value :False
StoreName :Market Street, StoreID :526,LocationName :WTX, State :TX, Zipcode :79109,Service Name :City Bank,Service Value :False
StoreName :Market Street, StoreID :526,LocationName :WTX, State :TX, Zipcode :79109,Service Name :Amarillo National Bank,Service Value :False
StoreName :Market Street, StoreID :526,LocationName :WTX, State :TX, Zipcode :79109,Service Name :Herring National Bank,Service Value :False
StoreName :Market Street, StoreID :526,LocationName :WTX, State :TX, Zipcode :79109,Service Name :First Financial Bank,Service Value :False
StoreName :Market Street, StoreID :526,LocationName :WTX, State :TX, Zipcode :79109,Service Name :Pharmacy Fax,Service Value :() -
StoreName :Market Street, StoreID :517,LocationName :WTX, State :TX, Zipcode :76309,Service Name :Walk-in Clinic,Service Value :False
StoreName :Market Street, StoreID :517,LocationName :WTX, State :TX, Zipcode :76309,Service Name :Bakery,Service Value :True
StoreName :Market Street, StoreID :517,LocationName :WTX, State :TX, Zipcode :76309,Service Name :Deli,Service Value :True
StoreName :Market Street, StoreID :517,LocationName :WTX, State :TX, Zipcode :76309,Service Name :Dish Gift Center,Service Value :True
StoreName :Market Street, StoreID :517,LocationName :WTX, State :TX, Zipcode :76309,Service Name :Team Spirit Shop,Service Value :False
StoreName :Market Street, StoreID :517,LocationName :WTX, State :TX, Zipcode :76309,Service Name :Floral,Service Value :True
StoreName :Market Street, StoreID :517,LocationName :WTX, State :TX, Zipcode :76309,Service Name :Salad Bar,Service Value :True
StoreName :Market Street, StoreID :517,LocationName :WTX, State :TX, Zipcode :76309,Service Name :Hot Deli,Service Value :True
StoreName :Market Street, StoreID :517,LocationName :WTX, State :TX, Zipcode :76309,Service Name :Boars Head,Service Value :True
StoreName :Market Street, StoreID :517,LocationName :WTX, State :TX, Zipcode :76309,Service Name :Meat Market,Service Value :True
StoreName :Market Street, StoreID :517,LocationName :WTX, State :TX, Zipcode :76309,Service Name :Angus Beef,Service Value :True
StoreName :Market Street, StoreID :517,LocationName :WTX, State :TX, Zipcode :76309,Service Name :Full Service Seafood,Service Value :True
StoreName :Market Street, StoreID :517,LocationName :WTX, State :TX, Zipcode :76309,Service Name :Sushi,Service Value :True
StoreName :Market Street, StoreID :517,LocationName :WTX, State :TX, Zipcode :76309,Service Name :Meals For Two,Service Value :False
StoreName :Market Street, StoreID :517,LocationName :WTX, State :TX, Zipcode :76309,Service Name :Coffee Shop,Service Value :True
StoreName :Market Street, StoreID :517,LocationName :WTX, State :TX, Zipcode :76309,Service Name :Keva Juice,Service Value :False
StoreName :Market Street, StoreID :517,LocationName :WTX, State :TX, Zipcode :76309,Service Name :Alcohol,Service Value :True
StoreName :Market Street, StoreID :517,LocationName :WTX, State :TX, Zipcode :76309,Service Name :Restaurant,Service Value :True
StoreName :Market Street, StoreID :517,LocationName :WTX, State :TX, Zipcode :76309,Service Name :Bulk Foods,Service Value :True
StoreName :Market Street, StoreID :517,LocationName :WTX, State :TX, Zipcode :76309,Service Name :Living Well Dept,Service Value :True
StoreName :Market Street, StoreID :517,LocationName :WTX, State :TX, Zipcode :76309,Service Name :Concierge,Service Value :True
StoreName :Market Street, StoreID :517,LocationName :WTX, State :TX, Zipcode :76309,Service Name :Western Union,Service Value :True
StoreName :Market Street, StoreID :517,LocationName :WTX, State :TX, Zipcode :76309,Service Name :Bill Pay,Service Value :False
StoreName :Market Street, StoreID :517,LocationName :WTX, State :TX, Zipcode :76309,Service Name :DMV Registration,Service Value :False
StoreName :Market Street, StoreID :517,LocationName :WTX, State :TX, Zipcode :76309,Service Name :Ticket Sales,Service Value :False
StoreName :Market Street, StoreID :517,LocationName :WTX, State :TX, Zipcode :76309,Service Name :Rug Doctor,Service Value :True
StoreName :Market Street, StoreID :517,LocationName :WTX, State :TX, Zipcode :76309,Service Name :Red Box,Service Value :True
StoreName :Market Street, StoreID :517,LocationName :WTX, State :TX, Zipcode :76309,Service Name :Lottery,Service Value :True
StoreName :Market Street, StoreID :517,LocationName :WTX, State :TX, Zipcode :76309,Service Name :Check Cashing,Service Value :False
StoreName :Market Street, StoreID :517,LocationName :WTX, State :TX, Zipcode :76309,Service Name :Clear Talk,Service Value :False
StoreName :Market Street, StoreID :517,LocationName :WTX, State :TX, Zipcode :76309,Service Name :Wells Fargo Bank,Service Value :False
StoreName :Market Street, StoreID :517,LocationName :WTX, State :TX, Zipcode :76309,Service Name :City Bank,Service Value :False
StoreName :Market Street, StoreID :517,LocationName :WTX, State :TX, Zipcode :76309,Service Name :Amarillo National Bank,Service Value :False
StoreName :Market Street, StoreID :517,LocationName :WTX, State :TX, Zipcode :76309,Service Name :Herring National Bank,Service Value :False
StoreName :Market Street, StoreID :517,LocationName :WTX, State :TX, Zipcode :76309,Service Name :First Financial Bank,Service Value :False
StoreName :Market Street, StoreID :517,LocationName :WTX, State :TX, Zipcode :76309,Service Name :Pharmacy Fax,Service Value :() -
StoreName :Market Street, StoreID :502,LocationName :WTX, State :TX, Zipcode :79413,Service Name :Walk-in Clinic,Service Value :False
StoreName :Market Street, StoreID :502,LocationName :WTX, State :TX, Zipcode :79413,Service Name :Bakery,Service Value :True
StoreName :Market Street, StoreID :502,LocationName :WTX, State :TX, Zipcode :79413,Service Name :Deli,Service Value :True
StoreName :Market Street, StoreID :502,LocationName :WTX, State :TX, Zipcode :79413,Service Name :Dish Gift Center,Service Value :True
StoreName :Market Street, StoreID :502,LocationName :WTX, State :TX, Zipcode :79413,Service Name :Team Spirit Shop,Service Value :False
StoreName :Market Street, StoreID :502,LocationName :WTX, State :TX, Zipcode :79413,Service Name :Floral,Service Value :True
StoreName :Market Street, StoreID :502,LocationName :WTX, State :TX, Zipcode :79413,Service Name :Salad Bar,Service Value :True
StoreName :Market Street, StoreID :502,LocationName :WTX, State :TX, Zipcode :79413,Service Name :Hot Deli,Service Value :True
StoreName :Market Street, StoreID :502,LocationName :WTX, State :TX, Zipcode :79413,Service Name :Boars Head,Service Value :True
StoreName :Market Street, StoreID :502,LocationName :WTX, State :TX, Zipcode :79413,Service Name :Meat Market,Service Value :True
StoreName :Market Street, StoreID :502,LocationName :WTX, State :TX, Zipcode :79413,Service Name :Angus Beef,Service Value :True
StoreName :Market Street, StoreID :502,LocationName :WTX, State :TX, Zipcode :79413,Service Name :Full Service Seafood,Service Value :True
StoreName :Market Street, StoreID :502,LocationName :WTX, State :TX, Zipcode :79413,Service Name :Sushi,Service Value :True
StoreName :Market Street, StoreID :502,LocationName :WTX, State :TX, Zipcode :79413,Service Name :Meals For Two,Service Value :False
StoreName :Market Street, StoreID :502,LocationName :WTX, State :TX, Zipcode :79413,Service Name :Coffee Shop,Service Value :True
StoreName :Market Street, StoreID :502,LocationName :WTX, State :TX, Zipcode :79413,Service Name :Keva Juice,Service Value :False
StoreName :Market Street, StoreID :502,LocationName :WTX, State :TX, Zipcode :79413,Service Name :Alcohol,Service Value :True
StoreName :Market Street, StoreID :502,LocationName :WTX, State :TX, Zipcode :79413,Service Name :Restaurant,Service Value :True
StoreName :Market Street, StoreID :502,LocationName :WTX, State :TX, Zipcode :79413,Service Name :Bulk Foods,Service Value :True
StoreName :Market Street, StoreID :502,LocationName :WTX, State :TX, Zipcode :79413,Service Name :Living Well Dept,Service Value :True
StoreName :Market Street, StoreID :502,LocationName :WTX, State :TX, Zipcode :79413,Service Name :Concierge,Service Value :True
StoreName :Market Street, StoreID :502,LocationName :WTX, State :TX, Zipcode :79413,Service Name :Western Union,Service Value :True
StoreName :Market Street, StoreID :502,LocationName :WTX, State :TX, Zipcode :79413,Service Name :Bill Pay,Service Value :False
StoreName :Market Street, StoreID :502,LocationName :WTX, State :TX, Zipcode :79413,Service Name :DMV Registration,Service Value :False
StoreName :Market Street, StoreID :502,LocationName :WTX, State :TX, Zipcode :79413,Service Name :Ticket Sales,Service Value :False
StoreName :Market Street, StoreID :502,LocationName :WTX, State :TX, Zipcode :79413,Service Name :Rug Doctor,Service Value :True
StoreName :Market Street, StoreID :502,LocationName :WTX, State :TX, Zipcode :79413,Service Name :Red Box,Service Value :True
StoreName :Market Street, StoreID :502,LocationName :WTX, State :TX, Zipcode :79413,Service Name :Lottery,Service Value :True
StoreName :Market Street, StoreID :502,LocationName :WTX, State :TX, Zipcode :79413,Service Name :Check Cashing,Service Value :False
StoreName :Market Street, StoreID :502,LocationName :WTX, State :TX, Zipcode :79413,Service Name :Clear Talk,Service Value :False
StoreName :Market Street, StoreID :502,LocationName :WTX, State :TX, Zipcode :79413,Service Name :Wells Fargo Bank,Service Value :False
StoreName :Market Street, StoreID :502,LocationName :WTX, State :TX, Zipcode :79413,Service Name :City Bank,Service Value :False
StoreName :Market Street, StoreID :502,LocationName :WTX, State :TX, Zipcode :79413,Service Name :Amarillo National Bank,Service Value :False
StoreName :Market Street, StoreID :502,LocationName :WTX, State :TX, Zipcode :79413,Service Name :Herring National Bank,Service Value :False
StoreName :Market Street, StoreID :502,LocationName :WTX, State :TX, Zipcode :79413,Service Name :First Financial Bank,Service Value :False
StoreName :Market Street, StoreID :502,LocationName :WTX, State :TX, Zipcode :79413,Service Name :Pharmacy Fax,Service Value :() -
StoreName :Market Street, StoreID :553,LocationName :WTX, State :TX, Zipcode :79407,Service Name :Walk-in Clinic,Service Value :False
StoreName :Market Street, StoreID :553,LocationName :WTX, State :TX, Zipcode :79407,Service Name :Bakery,Service Value :True
StoreName :Market Street, StoreID :553,LocationName :WTX, State :TX, Zipcode :79407,Service Name :Deli,Service Value :True
StoreName :Market Street, StoreID :553,LocationName :WTX, State :TX, Zipcode :79407,Service Name :Dish Gift Center,Service Value :True
StoreName :Market Street, StoreID :553,LocationName :WTX, State :TX, Zipcode :79407,Service Name :Team Spirit Shop,Service Value :False
StoreName :Market Street, StoreID :553,LocationName :WTX, State :TX, Zipcode :79407,Service Name :Floral,Service Value :True
StoreName :Market Street, StoreID :553,LocationName :WTX, State :TX, Zipcode :79407,Service Name :Salad Bar,Service Value :True
StoreName :Market Street, StoreID :553,LocationName :WTX, State :TX, Zipcode :79407,Service Name :Hot Deli,Service Value :True
StoreName :Market Street, StoreID :553,LocationName :WTX, State :TX, Zipcode :79407,Service Name :Boars Head,Service Value :True
StoreName :Market Street, StoreID :553,LocationName :WTX, State :TX, Zipcode :79407,Service Name :Meat Market,Service Value :True
StoreName :Market Street, StoreID :553,LocationName :WTX, State :TX, Zipcode :79407,Service Name :Angus Beef,Service Value :True
StoreName :Market Street, StoreID :553,LocationName :WTX, State :TX, Zipcode :79407,Service Name :Full Service Seafood,Service Value :True
StoreName :Market Street, StoreID :553,LocationName :WTX, State :TX, Zipcode :79407,Service Name :Sushi,Service Value :True
StoreName :Market Street, StoreID :553,LocationName :WTX, State :TX, Zipcode :79407,Service Name :Meals For Two,Service Value :False
StoreName :Market Street, StoreID :553,LocationName :WTX, State :TX, Zipcode :79407,Service Name :Coffee Shop,Service Value :True
StoreName :Market Street, StoreID :553,LocationName :WTX, State :TX, Zipcode :79407,Service Name :Keva Juice,Service Value :False
StoreName :Market Street, StoreID :553,LocationName :WTX, State :TX, Zipcode :79407,Service Name :Alcohol,Service Value :True
StoreName :Market Street, StoreID :553,LocationName :WTX, State :TX, Zipcode :79407,Service Name :Restaurant,Service Value :True
StoreName :Market Street, StoreID :553,LocationName :WTX, State :TX, Zipcode :79407,Service Name :Bulk Foods,Service Value :True
StoreName :Market Street, StoreID :553,LocationName :WTX, State :TX, Zipcode :79407,Service Name :Living Well Dept,Service Value :True
StoreName :Market Street, StoreID :553,LocationName :WTX, State :TX, Zipcode :79407,Service Name :Concierge,Service Value :True
StoreName :Market Street, StoreID :553,LocationName :WTX, State :TX, Zipcode :79407,Service Name :Western Union,Service Value :True
StoreName :Market Street, StoreID :553,LocationName :WTX, State :TX, Zipcode :79407,Service Name :Bill Pay,Service Value :False
StoreName :Market Street, StoreID :553,LocationName :WTX, State :TX, Zipcode :79407,Service Name :DMV Registration,Service Value :False
StoreName :Market Street, StoreID :553,LocationName :WTX, State :TX, Zipcode :79407,Service Name :Ticket Sales,Service Value :False
StoreName :Market Street, StoreID :553,LocationName :WTX, State :TX, Zipcode :79407,Service Name :Rug Doctor,Service Value :True
StoreName :Market Street, StoreID :553,LocationName :WTX, State :TX, Zipcode :79407,Service Name :Red Box,Service Value :True
StoreName :Market Street, StoreID :553,LocationName :WTX, State :TX, Zipcode :79407,Service Name :Lottery,Service Value :True
StoreName :Market Street, StoreID :553,LocationName :WTX, State :TX, Zipcode :79407,Service Name :Check Cashing,Service Value :False
StoreName :Market Street, StoreID :553,LocationName :WTX, State :TX, Zipcode :79407,Service Name :Clear Talk,Service Value :False
StoreName :Market Street, StoreID :553,LocationName :WTX, State :TX, Zipcode :79407,Service Name :Wells Fargo Bank,Service Value :False
StoreName :Market Street, StoreID :553,LocationName :WTX, State :TX, Zipcode :79407,Service Name :City Bank,Service Value :False
StoreName :Market Street, StoreID :553,LocationName :WTX, State :TX, Zipcode :79407,Service Name :Amarillo National Bank,Service Value :False
StoreName :Market Street, StoreID :553,LocationName :WTX, State :TX, Zipcode :79407,Service Name :Herring National Bank,Service Value :False
StoreName :Market Street, StoreID :553,LocationName :WTX, State :TX, Zipcode :79407,Service Name :First Financial Bank,Service Value :False
StoreName :Market Street, StoreID :553,LocationName :WTX, State :TX, Zipcode :79407,Service Name :Pharmacy Fax,Service Value :() -
StoreName :Market Street, StoreID :565,LocationName :DFW, State :TX, Zipcode :75028,Service Name :Walk-in Clinic,Service Value :False
StoreName :Market Street, StoreID :565,LocationName :DFW, State :TX, Zipcode :75028,Service Name :Bakery,Service Value :True
StoreName :Market Street, StoreID :565,LocationName :DFW, State :TX, Zipcode :75028,Service Name :Deli,Service Value :True
StoreName :Market Street, StoreID :565,LocationName :DFW, State :TX, Zipcode :75028,Service Name :Dish Gift Center,Service Value :True
StoreName :Market Street, StoreID :565,LocationName :DFW, State :TX, Zipcode :75028,Service Name :Team Spirit Shop,Service Value :False
StoreName :Market Street, StoreID :565,LocationName :DFW, State :TX, Zipcode :75028,Service Name :Floral,Service Value :True
StoreName :Market Street, StoreID :565,LocationName :DFW, State :TX, Zipcode :75028,Service Name :Salad Bar,Service Value :True
StoreName :Market Street, StoreID :565,LocationName :DFW, State :TX, Zipcode :75028,Service Name :Hot Deli,Service Value :True
StoreName :Market Street, StoreID :565,LocationName :DFW, State :TX, Zipcode :75028,Service Name :Boars Head,Service Value :True
StoreName :Market Street, StoreID :565,LocationName :DFW, State :TX, Zipcode :75028,Service Name :Meat Market,Service Value :True
StoreName :Market Street, StoreID :565,LocationName :DFW, State :TX, Zipcode :75028,Service Name :Angus Beef,Service Value :True
StoreName :Market Street, StoreID :565,LocationName :DFW, State :TX, Zipcode :75028,Service Name :Full Service Seafood,Service Value :True
StoreName :Market Street, StoreID :565,LocationName :DFW, State :TX, Zipcode :75028,Service Name :Sushi,Service Value :True
StoreName :Market Street, StoreID :565,LocationName :DFW, State :TX, Zipcode :75028,Service Name :Meals For Two,Service Value :False
StoreName :Market Street, StoreID :565,LocationName :DFW, State :TX, Zipcode :75028,Service Name :Coffee Shop,Service Value :True
StoreName :Market Street, StoreID :565,LocationName :DFW, State :TX, Zipcode :75028,Service Name :Keva Juice,Service Value :False
StoreName :Market Street, StoreID :565,LocationName :DFW, State :TX, Zipcode :75028,Service Name :Alcohol,Service Value :True
StoreName :Market Street, StoreID :565,LocationName :DFW, State :TX, Zipcode :75028,Service Name :Restaurant,Service Value :True
StoreName :Market Street, StoreID :565,LocationName :DFW, State :TX, Zipcode :75028,Service Name :Bulk Foods,Service Value :True
StoreName :Market Street, StoreID :565,LocationName :DFW, State :TX, Zipcode :75028,Service Name :Living Well Dept,Service Value :True
StoreName :Market Street, StoreID :565,LocationName :DFW, State :TX, Zipcode :75028,Service Name :Concierge,Service Value :True
StoreName :Market Street, StoreID :565,LocationName :DFW, State :TX, Zipcode :75028,Service Name :Western Union,Service Value :True
StoreName :Market Street, StoreID :565,LocationName :DFW, State :TX, Zipcode :75028,Service Name :Bill Pay,Service Value :False
StoreName :Market Street, StoreID :565,LocationName :DFW, State :TX, Zipcode :75028,Service Name :DMV Registration,Service Value :False
StoreName :Market Street, StoreID :565,LocationName :DFW, State :TX, Zipcode :75028,Service Name :Ticket Sales,Service Value :False
StoreName :Market Street, StoreID :565,LocationName :DFW, State :TX, Zipcode :75028,Service Name :Rug Doctor,Service Value :True
StoreName :Market Street, StoreID :565,LocationName :DFW, State :TX, Zipcode :75028,Service Name :Red Box,Service Value :True
StoreName :Market Street, StoreID :565,LocationName :DFW, State :TX, Zipcode :75028,Service Name :Lottery,Service Value :True
StoreName :Market Street, StoreID :565,LocationName :DFW, State :TX, Zipcode :75028,Service Name :Check Cashing,Service Value :False
StoreName :Market Street, StoreID :565,LocationName :DFW, State :TX, Zipcode :75028,Service Name :Clear Talk,Service Value :False
StoreName :Market Street, StoreID :565,LocationName :DFW, State :TX, Zipcode :75028,Service Name :Wells Fargo Bank,Service Value :False
StoreName :Market Street, StoreID :565,LocationName :DFW, State :TX, Zipcode :75028,Service Name :City Bank,Service Value :False
StoreName :Market Street, StoreID :565,LocationName :DFW, State :TX, Zipcode :75028,Service Name :Amarillo National Bank,Service Value :False
StoreName :Market Street, StoreID :565,LocationName :DFW, State :TX, Zipcode :75028,Service Name :Herring National Bank,Service Value :False
StoreName :Market Street, StoreID :565,LocationName :DFW, State :TX, Zipcode :75028,Service Name :First Financial Bank,Service Value :False
StoreName :Market Street, StoreID :565,LocationName :DFW, State :TX, Zipcode :75028,Service Name :Pharmacy Fax,Service Value :() -
StoreName :Market Street, StoreID :679,LocationName :WTX, State :TX, Zipcode :79606,Service Name :Walk-in Clinic,Service Value :False
StoreName :Market Street, StoreID :679,LocationName :WTX, State :TX, Zipcode :79606,Service Name :Bakery,Service Value :True
StoreName :Market Street, StoreID :679,LocationName :WTX, State :TX, Zipcode :79606,Service Name :Deli,Service Value :True
StoreName :Market Street, StoreID :679,LocationName :WTX, State :TX, Zipcode :79606,Service Name :Dish Gift Center,Service Value :True
StoreName :Market Street, StoreID :679,LocationName :WTX, State :TX, Zipcode :79606,Service Name :Team Spirit Shop,Service Value :False
StoreName :Market Street, StoreID :679,LocationName :WTX, State :TX, Zipcode :79606,Service Name :Floral,Service Value :True
StoreName :Market Street, StoreID :679,LocationName :WTX, State :TX, Zipcode :79606,Service Name :Salad Bar,Service Value :True
StoreName :Market Street, StoreID :679,LocationName :WTX, State :TX, Zipcode :79606,Service Name :Hot Deli,Service Value :True
StoreName :Market Street, StoreID :679,LocationName :WTX, State :TX, Zipcode :79606,Service Name :Boars Head,Service Value :True
StoreName :Market Street, StoreID :679,LocationName :WTX, State :TX, Zipcode :79606,Service Name :Meat Market,Service Value :True
StoreName :Market Street, StoreID :679,LocationName :WTX, State :TX, Zipcode :79606,Service Name :Angus Beef,Service Value :True
StoreName :Market Street, StoreID :679,LocationName :WTX, State :TX, Zipcode :79606,Service Name :Full Service Seafood,Service Value :True
StoreName :Market Street, StoreID :679,LocationName :WTX, State :TX, Zipcode :79606,Service Name :Sushi,Service Value :True
StoreName :Market Street, StoreID :679,LocationName :WTX, State :TX, Zipcode :79606,Service Name :Meals For Two,Service Value :False
StoreName :Market Street, StoreID :679,LocationName :WTX, State :TX, Zipcode :79606,Service Name :Coffee Shop,Service Value :True
StoreName :Market Street, StoreID :679,LocationName :WTX, State :TX, Zipcode :79606,Service Name :Keva Juice,Service Value :False
StoreName :Market Street, StoreID :679,LocationName :WTX, State :TX, Zipcode :79606,Service Name :Alcohol,Service Value :True
StoreName :Market Street, StoreID :679,LocationName :WTX, State :TX, Zipcode :79606,Service Name :Restaurant,Service Value :True
StoreName :Market Street, StoreID :679,LocationName :WTX, State :TX, Zipcode :79606,Service Name :Bulk Foods,Service Value :True
StoreName :Market Street, StoreID :679,LocationName :WTX, State :TX, Zipcode :79606,Service Name :Living Well Dept,Service Value :True
StoreName :Market Street, StoreID :679,LocationName :WTX, State :TX, Zipcode :79606,Service Name :Concierge,Service Value :True
StoreName :Market Street, StoreID :679,LocationName :WTX, State :TX, Zipcode :79606,Service Name :Western Union,Service Value :True
StoreName :Market Street, StoreID :679,LocationName :WTX, State :TX, Zipcode :79606,Service Name :Bill Pay,Service Value :False
StoreName :Market Street, StoreID :679,LocationName :WTX, State :TX, Zipcode :79606,Service Name :DMV Registration,Service Value :False
StoreName :Market Street, StoreID :679,LocationName :WTX, State :TX, Zipcode :79606,Service Name :Ticket Sales,Service Value :False
StoreName :Market Street, StoreID :679,LocationName :WTX, State :TX, Zipcode :79606,Service Name :Rug Doctor,Service Value :True
StoreName :Market Street, StoreID :679,LocationName :WTX, State :TX, Zipcode :79606,Service Name :Red Box,Service Value :True
StoreName :Market Street, StoreID :679,LocationName :WTX, State :TX, Zipcode :79606,Service Name :Lottery,Service Value :True
StoreName :Market Street, StoreID :679,LocationName :WTX, State :TX, Zipcode :79606,Service Name :Check Cashing,Service Value :False
StoreName :Market Street, StoreID :679,LocationName :WTX, State :TX, Zipcode :79606,Service Name :Clear Talk,Service Value :False
StoreName :Market Street, StoreID :679,LocationName :WTX, State :TX, Zipcode :79606,Service Name :Wells Fargo Bank,Service Value :False
StoreName :Market Street, StoreID :679,LocationName :WTX, State :TX, Zipcode :79606,Service Name :City Bank,Service Value :False
StoreName :Market Street, StoreID :679,LocationName :WTX, State :TX, Zipcode :79606,Service Name :Amarillo National Bank,Service Value :False
StoreName :Market Street, StoreID :679,LocationName :WTX, State :TX, Zipcode :79606,Service Name :Herring National Bank,Service Value :False
StoreName :Market Street, StoreID :679,LocationName :WTX, State :TX, Zipcode :79606,Service Name :First Financial Bank,Service Value :False
StoreName :Market Street, StoreID :679,LocationName :WTX, State :TX, Zipcode :79606,Service Name :Pharmacy Fax,Service Value :() -
StoreName :Market Street, StoreID :678,LocationName :, State :TX, Zipcode :76904,Service Name :Walk-in Clinic,Service Value :False
StoreName :Market Street, StoreID :678,LocationName :, State :TX, Zipcode :76904,Service Name :Bakery,Service Value :True
StoreName :Market Street, StoreID :678,LocationName :, State :TX, Zipcode :76904,Service Name :Deli,Service Value :True
StoreName :Market Street, StoreID :678,LocationName :, State :TX, Zipcode :76904,Service Name :Dish Gift Center,Service Value :True
StoreName :Market Street, StoreID :678,LocationName :, State :TX, Zipcode :76904,Service Name :Team Spirit Shop,Service Value :False
StoreName :Market Street, StoreID :678,LocationName :, State :TX, Zipcode :76904,Service Name :Floral,Service Value :True
StoreName :Market Street, StoreID :678,LocationName :, State :TX, Zipcode :76904,Service Name :Salad Bar,Service Value :True
StoreName :Market Street, StoreID :678,LocationName :, State :TX, Zipcode :76904,Service Name :Hot Deli,Service Value :True
StoreName :Market Street, StoreID :678,LocationName :, State :TX, Zipcode :76904,Service Name :Boars Head,Service Value :True
StoreName :Market Street, StoreID :678,LocationName :, State :TX, Zipcode :76904,Service Name :Meat Market,Service Value :True
StoreName :Market Street, StoreID :678,LocationName :, State :TX, Zipcode :76904,Service Name :Angus Beef,Service Value :True
StoreName :Market Street, StoreID :678,LocationName :, State :TX, Zipcode :76904,Service Name :Full Service Seafood,Service Value :True
StoreName :Market Street, StoreID :678,LocationName :, State :TX, Zipcode :76904,Service Name :Sushi,Service Value :True
StoreName :Market Street, StoreID :678,LocationName :, State :TX, Zipcode :76904,Service Name :Meals For Two,Service Value :False
StoreName :Market Street, StoreID :678,LocationName :, State :TX, Zipcode :76904,Service Name :Coffee Shop,Service Value :True
StoreName :Market Street, StoreID :678,LocationName :, State :TX, Zipcode :76904,Service Name :Keva Juice,Service Value :False
StoreName :Market Street, StoreID :678,LocationName :, State :TX, Zipcode :76904,Service Name :Alcohol,Service Value :True
StoreName :Market Street, StoreID :678,LocationName :, State :TX, Zipcode :76904,Service Name :Restaurant,Service Value :True
StoreName :Market Street, StoreID :678,LocationName :, State :TX, Zipcode :76904,Service Name :Bulk Foods,Service Value :True
StoreName :Market Street, StoreID :678,LocationName :, State :TX, Zipcode :76904,Service Name :Living Well Dept,Service Value :True
StoreName :Market Street, StoreID :678,LocationName :, State :TX, Zipcode :76904,Service Name :Concierge,Service Value :True
StoreName :Market Street, StoreID :678,LocationName :, State :TX, Zipcode :76904,Service Name :Western Union,Service Value :True
StoreName :Market Street, StoreID :678,LocationName :, State :TX, Zipcode :76904,Service Name :Bill Pay,Service Value :False
StoreName :Market Street, StoreID :678,LocationName :, State :TX, Zipcode :76904,Service Name :DMV Registration,Service Value :False
StoreName :Market Street, StoreID :678,LocationName :, State :TX, Zipcode :76904,Service Name :Ticket Sales,Service Value :False
StoreName :Market Street, StoreID :678,LocationName :, State :TX, Zipcode :76904,Service Name :Rug Doctor,Service Value :True
StoreName :Market Street, StoreID :678,LocationName :, State :TX, Zipcode :76904,Service Name :Red Box,Service Value :True
StoreName :Market Street, StoreID :678,LocationName :, State :TX, Zipcode :76904,Service Name :Lottery,Service Value :True
StoreName :Market Street, StoreID :678,LocationName :, State :TX, Zipcode :76904,Service Name :Check Cashing,Service Value :False
StoreName :Market Street, StoreID :678,LocationName :, State :TX, Zipcode :76904,Service Name :Clear Talk,Service Value :False
StoreName :Market Street, StoreID :678,LocationName :, State :TX, Zipcode :76904,Service Name :Wells Fargo Bank,Service Value :False
StoreName :Market Street, StoreID :678,LocationName :, State :TX, Zipcode :76904,Service Name :City Bank,Service Value :False
StoreName :Market Street, StoreID :678,LocationName :, State :TX, Zipcode :76904,Service Name :Amarillo National Bank,Service Value :False
StoreName :Market Street, StoreID :678,LocationName :, State :TX, Zipcode :76904,Service Name :Herring National Bank,Service Value :False
StoreName :Market Street, StoreID :678,LocationName :, State :TX, Zipcode :76904,Service Name :First Financial Bank,Service Value :False
StoreName :Market Street, StoreID :678,LocationName :, State :TX, Zipcode :76904,Service Name :Pharmacy Fax,Service Value :() -
StoreName :Market Street, StoreID :675,LocationName :, State :TX, Zipcode :79762,Service Name :Walk-in Clinic,Service Value :False
StoreName :Market Street, StoreID :675,LocationName :, State :TX, Zipcode :79762,Service Name :Bakery,Service Value :True
StoreName :Market Street, StoreID :675,LocationName :, State :TX, Zipcode :79762,Service Name :Deli,Service Value :True
StoreName :Market Street, StoreID :675,LocationName :, State :TX, Zipcode :79762,Service Name :Dish Gift Center,Service Value :True
StoreName :Market Street, StoreID :675,LocationName :, State :TX, Zipcode :79762,Service Name :Team Spirit Shop,Service Value :False
StoreName :Market Street, StoreID :675,LocationName :, State :TX, Zipcode :79762,Service Name :Floral,Service Value :True
StoreName :Market Street, StoreID :675,LocationName :, State :TX, Zipcode :79762,Service Name :Salad Bar,Service Value :True
StoreName :Market Street, StoreID :675,LocationName :, State :TX, Zipcode :79762,Service Name :Hot Deli,Service Value :True
StoreName :Market Street, StoreID :675,LocationName :, State :TX, Zipcode :79762,Service Name :Boars Head,Service Value :True
StoreName :Market Street, StoreID :675,LocationName :, State :TX, Zipcode :79762,Service Name :Meat Market,Service Value :True
StoreName :Market Street, StoreID :675,LocationName :, State :TX, Zipcode :79762,Service Name :Angus Beef,Service Value :True
StoreName :Market Street, StoreID :675,LocationName :, State :TX, Zipcode :79762,Service Name :Full Service Seafood,Service Value :True
StoreName :Market Street, StoreID :675,LocationName :, State :TX, Zipcode :79762,Service Name :Sushi,Service Value :True
StoreName :Market Street, StoreID :675,LocationName :, State :TX, Zipcode :79762,Service Name :Meals For Two,Service Value :False
StoreName :Market Street, StoreID :675,LocationName :, State :TX, Zipcode :79762,Service Name :Coffee Shop,Service Value :True
StoreName :Market Street, StoreID :675,LocationName :, State :TX, Zipcode :79762,Service Name :Keva Juice,Service Value :False
StoreName :Market Street, StoreID :675,LocationName :, State :TX, Zipcode :79762,Service Name :Alcohol,Service Value :True
StoreName :Market Street, StoreID :675,LocationName :, State :TX, Zipcode :79762,Service Name :Restaurant,Service Value :True
StoreName :Market Street, StoreID :675,LocationName :, State :TX, Zipcode :79762,Service Name :Bulk Foods,Service Value :True
StoreName :Market Street, StoreID :675,LocationName :, State :TX, Zipcode :79762,Service Name :Living Well Dept,Service Value :True
StoreName :Market Street, StoreID :675,LocationName :, State :TX, Zipcode :79762,Service Name :Concierge,Service Value :True
StoreName :Market Street, StoreID :675,LocationName :, State :TX, Zipcode :79762,Service Name :Western Union,Service Value :True
StoreName :Market Street, StoreID :675,LocationName :, State :TX, Zipcode :79762,Service Name :Bill Pay,Service Value :False
StoreName :Market Street, StoreID :675,LocationName :, State :TX, Zipcode :79762,Service Name :DMV Registration,Service Value :False
StoreName :Market Street, StoreID :675,LocationName :, State :TX, Zipcode :79762,Service Name :Ticket Sales,Service Value :False
StoreName :Market Street, StoreID :675,LocationName :, State :TX, Zipcode :79762,Service Name :Rug Doctor,Service Value :True
StoreName :Market Street, StoreID :675,LocationName :, State :TX, Zipcode :79762,Service Name :Red Box,Service Value :True
StoreName :Market Street, StoreID :675,LocationName :, State :TX, Zipcode :79762,Service Name :Lottery,Service Value :True
StoreName :Market Street, StoreID :675,LocationName :, State :TX, Zipcode :79762,Service Name :Check Cashing,Service Value :False
StoreName :Market Street, StoreID :675,LocationName :, State :TX, Zipcode :79762,Service Name :Clear Talk,Service Value :False
StoreName :Market Street, StoreID :675,LocationName :, State :TX, Zipcode :79762,Service Name :Wells Fargo Bank,Service Value :False
StoreName :Market Street, StoreID :675,LocationName :, State :TX, Zipcode :79762,Service Name :City Bank,Service Value :False
StoreName :Market Street, StoreID :675,LocationName :, State :TX, Zipcode :79762,Service Name :Amarillo National Bank,Service Value :False
StoreName :Market Street, StoreID :675,LocationName :, State :TX, Zipcode :79762,Service Name :Herring National Bank,Service Value :False
StoreName :Market Street, StoreID :675,LocationName :, State :TX, Zipcode :79762,Service Name :First Financial Bank,Service Value :False
StoreName :Market Street, StoreID :675,LocationName :, State :TX, Zipcode :79762,Service Name :Pharmacy Fax,Service Value :() -
StoreName :Market Street, StoreID :674,LocationName :WTX, State :TX, Zipcode :79705,Service Name :Walk-in Clinic,Service Value :False
StoreName :Market Street, StoreID :674,LocationName :WTX, State :TX, Zipcode :79705,Service Name :Bakery,Service Value :True
StoreName :Market Street, StoreID :674,LocationName :WTX, State :TX, Zipcode :79705,Service Name :Deli,Service Value :True
StoreName :Market Street, StoreID :674,LocationName :WTX, State :TX, Zipcode :79705,Service Name :Dish Gift Center,Service Value :True
StoreName :Market Street, StoreID :674,LocationName :WTX, State :TX, Zipcode :79705,Service Name :Team Spirit Shop,Service Value :False
StoreName :Market Street, StoreID :674,LocationName :WTX, State :TX, Zipcode :79705,Service Name :Floral,Service Value :True
StoreName :Market Street, StoreID :674,LocationName :WTX, State :TX, Zipcode :79705,Service Name :Salad Bar,Service Value :True
StoreName :Market Street, StoreID :674,LocationName :WTX, State :TX, Zipcode :79705,Service Name :Hot Deli,Service Value :True
StoreName :Market Street, StoreID :674,LocationName :WTX, State :TX, Zipcode :79705,Service Name :Boars Head,Service Value :True
StoreName :Market Street, StoreID :674,LocationName :WTX, State :TX, Zipcode :79705,Service Name :Meat Market,Service Value :True
StoreName :Market Street, StoreID :674,LocationName :WTX, State :TX, Zipcode :79705,Service Name :Angus Beef,Service Value :True
StoreName :Market Street, StoreID :674,LocationName :WTX, State :TX, Zipcode :79705,Service Name :Full Service Seafood,Service Value :True
StoreName :Market Street, StoreID :674,LocationName :WTX, State :TX, Zipcode :79705,Service Name :Sushi,Service Value :True
StoreName :Market Street, StoreID :674,LocationName :WTX, State :TX, Zipcode :79705,Service Name :Meals For Two,Service Value :False
StoreName :Market Street, StoreID :674,LocationName :WTX, State :TX, Zipcode :79705,Service Name :Coffee Shop,Service Value :True
StoreName :Market Street, StoreID :674,LocationName :WTX, State :TX, Zipcode :79705,Service Name :Keva Juice,Service Value :False
StoreName :Market Street, StoreID :674,LocationName :WTX, State :TX, Zipcode :79705,Service Name :Alcohol,Service Value :True
StoreName :Market Street, StoreID :674,LocationName :WTX, State :TX, Zipcode :79705,Service Name :Restaurant,Service Value :True
StoreName :Market Street, StoreID :674,LocationName :WTX, State :TX, Zipcode :79705,Service Name :Bulk Foods,Service Value :True
StoreName :Market Street, StoreID :674,LocationName :WTX, State :TX, Zipcode :79705,Service Name :Living Well Dept,Service Value :True
StoreName :Market Street, StoreID :674,LocationName :WTX, State :TX, Zipcode :79705,Service Name :Concierge,Service Value :True
StoreName :Market Street, StoreID :674,LocationName :WTX, State :TX, Zipcode :79705,Service Name :Western Union,Service Value :True
StoreName :Market Street, StoreID :674,LocationName :WTX, State :TX, Zipcode :79705,Service Name :Bill Pay,Service Value :False
StoreName :Market Street, StoreID :674,LocationName :WTX, State :TX, Zipcode :79705,Service Name :DMV Registration,Service Value :False
StoreName :Market Street, StoreID :674,LocationName :WTX, State :TX, Zipcode :79705,Service Name :Ticket Sales,Service Value :False
StoreName :Market Street, StoreID :674,LocationName :WTX, State :TX, Zipcode :79705,Service Name :Rug Doctor,Service Value :True
StoreName :Market Street, StoreID :674,LocationName :WTX, State :TX, Zipcode :79705,Service Name :Red Box,Service Value :True
StoreName :Market Street, StoreID :674,LocationName :WTX, State :TX, Zipcode :79705,Service Name :Lottery,Service Value :True
StoreName :Market Street, StoreID :674,LocationName :WTX, State :TX, Zipcode :79705,Service Name :Check Cashing,Service Value :False
StoreName :Market Street, StoreID :674,LocationName :WTX, State :TX, Zipcode :79705,Service Name :Clear Talk,Service Value :False
StoreName :Market Street, StoreID :674,LocationName :WTX, State :TX, Zipcode :79705,Service Name :Wells Fargo Bank,Service Value :False
StoreName :Market Street, StoreID :674,LocationName :WTX, State :TX, Zipcode :79705,Service Name :City Bank,Service Value :False
StoreName :Market Street, StoreID :674,LocationName :WTX, State :TX, Zipcode :79705,Service Name :Amarillo National Bank,Service Value :False
StoreName :Market Street, StoreID :674,LocationName :WTX, State :TX, Zipcode :79705,Service Name :Herring National Bank,Service Value :False
StoreName :Market Street, StoreID :674,LocationName :WTX, State :TX, Zipcode :79705,Service Name :First Financial Bank,Service Value :False
StoreName :Market Street, StoreID :674,LocationName :WTX, State :TX, Zipcode :79705,Service Name :Pharmacy Fax,Service Value :() -
StoreName :Market Street, StoreID :685,LocationName :DFW, State :TX, Zipcode :75034,Service Name :Walk-in Clinic,Service Value :False
StoreName :Market Street, StoreID :685,LocationName :DFW, State :TX, Zipcode :75034,Service Name :Bakery,Service Value :True
StoreName :Market Street, StoreID :685,LocationName :DFW, State :TX, Zipcode :75034,Service Name :Deli,Service Value :True
StoreName :Market Street, StoreID :685,LocationName :DFW, State :TX, Zipcode :75034,Service Name :Dish Gift Center,Service Value :True
StoreName :Market Street, StoreID :685,LocationName :DFW, State :TX, Zipcode :75034,Service Name :Team Spirit Shop,Service Value :False
StoreName :Market Street, StoreID :685,LocationName :DFW, State :TX, Zipcode :75034,Service Name :Floral,Service Value :True
StoreName :Market Street, StoreID :685,LocationName :DFW, State :TX, Zipcode :75034,Service Name :Salad Bar,Service Value :True
StoreName :Market Street, StoreID :685,LocationName :DFW, State :TX, Zipcode :75034,Service Name :Hot Deli,Service Value :True
StoreName :Market Street, StoreID :685,LocationName :DFW, State :TX, Zipcode :75034,Service Name :Boars Head,Service Value :True
StoreName :Market Street, StoreID :685,LocationName :DFW, State :TX, Zipcode :75034,Service Name :Meat Market,Service Value :True
StoreName :Market Street, StoreID :685,LocationName :DFW, State :TX, Zipcode :75034,Service Name :Angus Beef,Service Value :True
StoreName :Market Street, StoreID :685,LocationName :DFW, State :TX, Zipcode :75034,Service Name :Full Service Seafood,Service Value :True
StoreName :Market Street, StoreID :685,LocationName :DFW, State :TX, Zipcode :75034,Service Name :Sushi,Service Value :True
StoreName :Market Street, StoreID :685,LocationName :DFW, State :TX, Zipcode :75034,Service Name :Meals For Two,Service Value :False
StoreName :Market Street, StoreID :685,LocationName :DFW, State :TX, Zipcode :75034,Service Name :Coffee Shop,Service Value :True
StoreName :Market Street, StoreID :685,LocationName :DFW, State :TX, Zipcode :75034,Service Name :Keva Juice,Service Value :False
StoreName :Market Street, StoreID :685,LocationName :DFW, State :TX, Zipcode :75034,Service Name :Alcohol,Service Value :True
StoreName :Market Street, StoreID :685,LocationName :DFW, State :TX, Zipcode :75034,Service Name :Restaurant,Service Value :True
StoreName :Market Street, StoreID :685,LocationName :DFW, State :TX, Zipcode :75034,Service Name :Bulk Foods,Service Value :True
StoreName :Market Street, StoreID :685,LocationName :DFW, State :TX, Zipcode :75034,Service Name :Living Well Dept,Service Value :True
StoreName :Market Street, StoreID :685,LocationName :DFW, State :TX, Zipcode :75034,Service Name :Concierge,Service Value :True
StoreName :Market Street, StoreID :685,LocationName :DFW, State :TX, Zipcode :75034,Service Name :Western Union,Service Value :True
StoreName :Market Street, StoreID :685,LocationName :DFW, State :TX, Zipcode :75034,Service Name :Bill Pay,Service Value :False
StoreName :Market Street, StoreID :685,LocationName :DFW, State :TX, Zipcode :75034,Service Name :DMV Registration,Service Value :False
StoreName :Market Street, StoreID :685,LocationName :DFW, State :TX, Zipcode :75034,Service Name :Ticket Sales,Service Value :False
StoreName :Market Street, StoreID :685,LocationName :DFW, State :TX, Zipcode :75034,Service Name :Rug Doctor,Service Value :True
StoreName :Market Street, StoreID :685,LocationName :DFW, State :TX, Zipcode :75034,Service Name :Red Box,Service Value :True
StoreName :Market Street, StoreID :685,LocationName :DFW, State :TX, Zipcode :75034,Service Name :Lottery,Service Value :True
StoreName :Market Street, StoreID :685,LocationName :DFW, State :TX, Zipcode :75034,Service Name :Check Cashing,Service Value :False
StoreName :Market Street, StoreID :685,LocationName :DFW, State :TX, Zipcode :75034,Service Name :Clear Talk,Service Value :False
StoreName :Market Street, StoreID :685,LocationName :DFW, State :TX, Zipcode :75034,Service Name :Wells Fargo Bank,Service Value :False
StoreName :Market Street, StoreID :685,LocationName :DFW, State :TX, Zipcode :75034,Service Name :City Bank,Service Value :False
StoreName :Market Street, StoreID :685,LocationName :DFW, State :TX, Zipcode :75034,Service Name :Amarillo National Bank,Service Value :False
StoreName :Market Street, StoreID :685,LocationName :DFW, State :TX, Zipcode :75034,Service Name :Herring National Bank,Service Value :False
StoreName :Market Street, StoreID :685,LocationName :DFW, State :TX, Zipcode :75034,Service Name :First Financial Bank,Service Value :False
StoreName :Market Street, StoreID :685,LocationName :DFW, State :TX, Zipcode :75034,Service Name :Pharmacy Fax,Service Value :() -
